-- phpMyAdmin SQL Dump
-- version 4.7.7
-- https://www.phpmyadmin.net/
--
-- Servidor: 127.0.0.1
-- Tiempo de generación: 14-03-2018 a las 00:23:03
-- Versión del servidor: 10.1.30-MariaDB
-- Versión de PHP: 7.2.2

SET SQL_MODE = "NO_AUTO_VALUE_ON_ZERO";
SET AUTOCOMMIT = 0;
START TRANSACTION;
SET time_zone = "+00:00";


/*!40101 SET @OLD_CHARACTER_SET_CLIENT=@@CHARACTER_SET_CLIENT */;
/*!40101 SET @OLD_CHARACTER_SET_RESULTS=@@CHARACTER_SET_RESULTS */;
/*!40101 SET @OLD_COLLATION_CONNECTION=@@COLLATION_CONNECTION */;
/*!40101 SET NAMES utf8mb4 */;

--
-- Base de datos: `bdminibar_final`
--

-- --------------------------------------------------------

--
-- Estructura de tabla para la tabla `estado`
--

CREATE TABLE `estado` (
  `e_id` int(11) NOT NULL,
  `e_sigla` varchar(10) NOT NULL,
  `e_descripcion` varchar(45) NOT NULL
) ENGINE=InnoDB DEFAULT CHARSET=utf8;

--
-- Volcado de datos para la tabla `estado`
--

INSERT INTO `estado` (`e_id`, `e_sigla`, `e_descripcion`) VALUES
(1, 'CR', 'Con Reposición'),
(2, 'R', 'Reposición'),
(3, 'SS', 'Sin Stock');

-- --------------------------------------------------------

--
-- Estructura de tabla para la tabla `evaluacion`
--

CREATE TABLE `evaluacion` (
  `ev_id` int(11) NOT NULL,
  `ev_descripcion` varchar(45) NOT NULL
) ENGINE=InnoDB DEFAULT CHARSET=utf8;

--
-- Volcado de datos para la tabla `evaluacion`
--

INSERT INTO `evaluacion` (`ev_id`, `ev_descripcion`) VALUES
(1, 'Sin Problemas'),
(2, 'Mal Estado'),
(3, 'Congelado');

-- --------------------------------------------------------

--
-- Estructura de tabla para la tabla `frigobar`
--

CREATE TABLE `frigobar` (
  `f_id` int(11) NOT NULL,
  `fk_evaluacion` int(11) NOT NULL,
  `fk_registro` int(11) NOT NULL
) ENGINE=InnoDB DEFAULT CHARSET=utf8;

--
-- Volcado de datos para la tabla `frigobar`
--

INSERT INTO `frigobar` (`f_id`, `fk_evaluacion`, `fk_registro`) VALUES
(1, 3, 1053);

-- --------------------------------------------------------

--
-- Estructura de tabla para la tabla `habitaciones`
--

CREATE TABLE `habitaciones` (
  `h_id` int(11) NOT NULL,
  `h_numero` int(11) NOT NULL,
  `fk_piso` int(11) NOT NULL
) ENGINE=InnoDB DEFAULT CHARSET=utf8;

--
-- Volcado de datos para la tabla `habitaciones`
--

INSERT INTO `habitaciones` (`h_id`, `h_numero`, `fk_piso`) VALUES
(1, 601, 1),
(2, 602, 1),
(3, 603, 1),
(4, 604, 1),
(5, 605, 1),
(6, 606, 1),
(7, 607, 1),
(8, 608, 1),
(9, 609, 1),
(10, 701, 2),
(11, 702, 2),
(12, 703, 2),
(13, 704, 2),
(14, 705, 2),
(15, 706, 2),
(16, 707, 2),
(17, 708, 2),
(18, 709, 2),
(19, 801, 3),
(20, 802, 3),
(21, 803, 3),
(22, 804, 3),
(23, 805, 3),
(24, 806, 3),
(25, 807, 3),
(26, 808, 3),
(27, 809, 3),
(28, 901, 4),
(29, 902, 4),
(30, 903, 4),
(31, 904, 4),
(32, 905, 4),
(33, 906, 4),
(34, 907, 4),
(35, 908, 4),
(36, 909, 4),
(37, 1001, 5),
(38, 1002, 5),
(39, 1003, 5),
(40, 1004, 5),
(41, 1005, 5),
(42, 1006, 5),
(43, 1007, 5),
(44, 1008, 5),
(45, 1009, 5),
(46, 1101, 6),
(47, 1102, 6),
(48, 1103, 6),
(49, 1104, 6),
(50, 1105, 6),
(51, 1106, 6),
(52, 1107, 6),
(53, 1108, 6),
(54, 1109, 6),
(55, 1201, 7),
(56, 1202, 7),
(57, 1203, 7),
(58, 1204, 7),
(59, 1205, 7),
(60, 1206, 7),
(61, 1207, 7),
(62, 1208, 7),
(63, 1209, 7),
(64, 1401, 8),
(65, 1402, 8),
(66, 1403, 8),
(67, 1404, 8),
(68, 1405, 8),
(69, 1406, 8),
(70, 1407, 8),
(71, 1408, 8),
(72, 1409, 8),
(73, 1501, 9),
(74, 1502, 9),
(75, 1503, 9),
(76, 1504, 9),
(77, 1505, 9),
(78, 1506, 9),
(79, 1507, 9),
(80, 1508, 9),
(81, 1509, 9),
(82, 1601, 10),
(83, 1602, 10),
(84, 1603, 10),
(85, 1604, 10),
(86, 1605, 10),
(87, 1606, 10),
(88, 1607, 10),
(89, 1608, 10),
(90, 1609, 10);

-- --------------------------------------------------------

--
-- Estructura de tabla para la tabla `piso`
--

CREATE TABLE `piso` (
  `ps_id` int(11) NOT NULL,
  `ps_numero` int(11) NOT NULL
) ENGINE=InnoDB DEFAULT CHARSET=utf8;

--
-- Volcado de datos para la tabla `piso`
--

INSERT INTO `piso` (`ps_id`, `ps_numero`) VALUES
(1, 6),
(2, 7),
(3, 8),
(4, 9),
(5, 10),
(6, 11),
(7, 12),
(8, 14),
(9, 15),
(10, 16);

-- --------------------------------------------------------

--
-- Estructura de tabla para la tabla `productos`
--

CREATE TABLE `productos` (
  `pd_id` int(11) NOT NULL,
  `pd_nombre` varchar(45) NOT NULL
) ENGINE=InnoDB DEFAULT CHARSET=utf8;

--
-- Volcado de datos para la tabla `productos`
--

INSERT INTO `productos` (`pd_id`, `pd_nombre`) VALUES
(1, 'Agua Mineral Sin Gas'),
(2, 'Agua Mineral Con Gas'),
(3, 'Coca Cola '),
(4, 'Coca Cola Light'),
(5, 'Sprite Zero'),
(6, 'Jugo'),
(7, 'Chocolate'),
(8, 'Kuky'),
(9, 'Snickers'),
(10, 'Papas'),
(11, 'Cerveza Cristal '),
(12, 'Wisky');

-- --------------------------------------------------------

--
-- Estructura de tabla para la tabla `registro`
--

CREATE TABLE `registro` (
  `r_id` int(11) NOT NULL,
  `r_fecha` date NOT NULL,
  `fk_usuario` int(11) NOT NULL,
  `fk_habitacion` int(11) NOT NULL
) ENGINE=InnoDB DEFAULT CHARSET=utf8;

--
-- Volcado de datos para la tabla `registro`
--

INSERT INTO `registro` (`r_id`, `r_fecha`, `fk_usuario`, `fk_habitacion`) VALUES
(1, '2018-02-06', 2, 1),
(2, '2018-02-06', 2, 2),
(3, '2018-02-06', 2, 3),
(4, '2018-02-06', 2, 4),
(5, '2018-02-06', 2, 10),
(6, '2018-02-06', 2, 18),
(7, '2018-02-06', 2, 23),
(8, '2018-02-06', 2, 25),
(9, '2018-02-06', 2, 27),
(10, '2018-02-06', 2, 28),
(11, '2018-02-06', 2, 30),
(12, '2018-02-06', 2, 32),
(13, '2018-02-06', 2, 36),
(14, '2018-02-06', 2, 37),
(15, '2018-02-06', 2, 40),
(16, '2018-02-06', 2, 41),
(17, '2018-02-06', 2, 43),
(18, '2018-02-06', 2, 44),
(19, '2018-02-06', 2, 46),
(20, '2018-02-06', 2, 47),
(21, '2018-02-06', 2, 52),
(22, '2018-02-06', 2, 55),
(23, '2018-02-06', 2, 57),
(24, '2018-02-06', 2, 59),
(25, '2018-02-06', 2, 62),
(26, '2018-02-06', 2, 64),
(27, '2018-02-06', 2, 65),
(28, '2018-02-06', 2, 66),
(29, '2018-02-06', 2, 71),
(30, '2018-02-06', 2, 72),
(31, '2018-02-06', 2, 73),
(32, '2018-02-06', 2, 78),
(33, '2018-02-06', 2, 82),
(34, '2018-02-06', 2, 84),
(35, '2018-02-06', 2, 86),
(36, '2018-02-06', 2, 89),
(37, '2018-02-07', 2, 1),
(38, '2018-02-07', 2, 13),
(39, '2018-02-07', 2, 18),
(40, '2018-02-07', 2, 23),
(41, '2018-02-07', 2, 24),
(42, '2018-02-07', 2, 27),
(43, '2018-02-07', 2, 28),
(44, '2018-02-07', 2, 30),
(45, '2018-02-07', 2, 36),
(46, '2018-02-07', 2, 37),
(47, '2018-02-07', 2, 40),
(48, '2018-02-07', 2, 42),
(49, '2018-02-07', 2, 46),
(50, '2018-02-07', 2, 53),
(51, '2018-02-07', 2, 55),
(52, '2018-02-07', 2, 56),
(53, '2018-02-07', 2, 59),
(54, '2018-02-07', 2, 64),
(55, '2018-02-07', 2, 66),
(56, '2018-02-07', 2, 70),
(57, '2018-02-07', 2, 72),
(58, '2018-02-07', 2, 73),
(59, '2018-02-07', 2, 84),
(60, '2018-02-07', 2, 89),
(61, '2018-02-08', 2, 1),
(62, '2018-02-08', 2, 5),
(63, '2018-02-08', 2, 6),
(64, '2018-02-08', 2, 8),
(65, '2018-02-08', 2, 10),
(66, '2018-02-08', 2, 14),
(67, '2018-02-08', 2, 16),
(68, '2018-02-08', 2, 17),
(69, '2018-02-08', 2, 18),
(70, '2018-02-08', 2, 22),
(71, '2018-02-08', 2, 23),
(72, '2018-02-08', 2, 24),
(73, '2018-02-08', 2, 27),
(74, '2018-02-08', 2, 29),
(75, '2018-02-08', 2, 30),
(76, '2018-02-08', 2, 31),
(77, '2018-02-08', 2, 36),
(78, '2018-02-08', 2, 37),
(79, '2018-02-08', 2, 42),
(80, '2018-02-08', 2, 48),
(81, '2018-02-08', 2, 49),
(82, '2018-02-08', 2, 61),
(83, '2018-02-08', 2, 66),
(84, '2018-02-08', 2, 67),
(85, '2018-02-08', 2, 72),
(86, '2018-02-08', 2, 73),
(87, '2018-02-08', 2, 78),
(88, '2018-02-08', 2, 84),
(89, '2018-02-08', 2, 86),
(90, '2018-02-08', 2, 89),
(91, '2018-02-08', 2, 90),
(92, '2018-02-09', 2, 1),
(93, '2018-02-09', 2, 13),
(94, '2018-02-09', 2, 14),
(95, '2018-02-09', 2, 18),
(96, '2018-02-09', 2, 20),
(97, '2018-02-09', 2, 22),
(98, '2018-02-09', 2, 23),
(99, '2018-02-09', 2, 24),
(100, '2018-02-09', 2, 30),
(101, '2018-02-09', 2, 33),
(102, '2018-02-09', 2, 37),
(103, '2018-02-09', 2, 40),
(104, '2018-02-09', 2, 41),
(105, '2018-02-09', 2, 44),
(106, '2018-02-09', 2, 45),
(107, '2018-02-09', 2, 49),
(108, '2018-02-09', 2, 56),
(109, '2018-02-09', 2, 57),
(110, '2018-02-09', 2, 60),
(111, '2018-02-09', 2, 64),
(112, '2018-02-09', 2, 69),
(113, '2018-02-09', 2, 71),
(114, '2018-02-09', 2, 72),
(115, '2018-02-09', 2, 73),
(116, '2018-02-09', 2, 76),
(117, '2018-02-09', 2, 79),
(118, '2018-02-09', 2, 80),
(119, '2018-02-09', 2, 82),
(120, '2018-02-09', 2, 83),
(121, '2018-02-09', 2, 84),
(122, '2018-02-09', 2, 86),
(123, '2018-02-09', 2, 89),
(124, '2018-02-09', 2, 90),
(125, '2018-02-10', 2, 13),
(126, '2018-02-10', 2, 18),
(127, '2018-02-10', 2, 20),
(128, '2018-02-10', 2, 24),
(129, '2018-02-10', 2, 34),
(130, '2018-02-10', 2, 40),
(131, '2018-02-10', 2, 41),
(132, '2018-02-10', 2, 45),
(133, '2018-02-10', 2, 47),
(134, '2018-02-10', 2, 49),
(135, '2018-02-10', 2, 51),
(136, '2018-02-10', 2, 55),
(137, '2018-02-10', 2, 56),
(138, '2018-02-10', 2, 58),
(139, '2018-02-10', 2, 67),
(140, '2018-02-10', 2, 73),
(141, '2018-02-10', 2, 76),
(142, '2018-02-10', 2, 78),
(143, '2018-02-10', 2, 80),
(144, '2018-02-10', 2, 83),
(145, '2018-02-10', 2, 85),
(146, '2018-02-10', 2, 89),
(147, '2018-02-10', 2, 90),
(148, '2018-02-12', 2, 12),
(149, '2018-02-12', 2, 13),
(150, '2018-02-12', 2, 19),
(151, '2018-02-12', 2, 20),
(152, '2018-02-12', 2, 21),
(153, '2018-02-12', 2, 22),
(154, '2018-02-12', 2, 24),
(155, '2018-02-12', 2, 28),
(156, '2018-02-12', 2, 31),
(157, '2018-02-12', 2, 37),
(158, '2018-02-12', 2, 38),
(159, '2018-02-12', 2, 40),
(160, '2018-02-12', 2, 41),
(161, '2018-02-12', 2, 43),
(162, '2018-02-12', 2, 44),
(163, '2018-02-12', 2, 45),
(164, '2018-02-12', 2, 47),
(165, '2018-02-12', 2, 49),
(166, '2018-02-12', 2, 51),
(167, '2018-02-12', 2, 53),
(168, '2018-02-12', 2, 55),
(169, '2018-02-12', 2, 60),
(170, '2018-02-12', 2, 63),
(171, '2018-02-12', 2, 67),
(172, '2018-02-12', 2, 69),
(173, '2018-02-12', 2, 71),
(174, '2018-02-12', 2, 72),
(175, '2018-02-12', 2, 74),
(176, '2018-02-12', 2, 75),
(177, '2018-02-12', 2, 78),
(178, '2018-02-12', 2, 81),
(179, '2018-02-12', 2, 83),
(180, '2018-02-12', 2, 85),
(181, '2018-02-12', 2, 87),
(182, '2018-02-12', 2, 89),
(183, '2018-02-13', 2, 12),
(184, '2018-02-13', 2, 13),
(185, '2018-02-13', 2, 15),
(186, '2018-02-13', 2, 16),
(187, '2018-02-13', 2, 17),
(188, '2018-02-13', 2, 18),
(189, '2018-02-13', 2, 19),
(190, '2018-02-13', 2, 20),
(191, '2018-02-13', 2, 21),
(192, '2018-02-13', 2, 22),
(193, '2018-02-13', 2, 23),
(194, '2018-02-13', 2, 24),
(195, '2018-02-13', 2, 31),
(196, '2018-02-13', 2, 39),
(197, '2018-02-13', 2, 40),
(198, '2018-02-13', 2, 43),
(199, '2018-02-13', 2, 44),
(200, '2018-02-13', 2, 45),
(201, '2018-02-13', 2, 49),
(202, '2018-02-13', 2, 51),
(203, '2018-02-13', 2, 52),
(204, '2018-02-13', 2, 54),
(205, '2018-02-13', 2, 55),
(206, '2018-02-13', 2, 58),
(207, '2018-02-13', 2, 63),
(208, '2018-02-13', 2, 67),
(209, '2018-02-13', 2, 69),
(210, '2018-02-13', 2, 71),
(211, '2018-02-13', 2, 72),
(212, '2018-02-13', 2, 74),
(213, '2018-02-13', 2, 75),
(214, '2018-02-13', 2, 77),
(215, '2018-02-13', 2, 83),
(216, '2018-02-13', 2, 86),
(217, '2018-02-13', 2, 87),
(218, '2018-02-14', 2, 2),
(219, '2018-02-14', 2, 9),
(220, '2018-02-14', 2, 11),
(221, '2018-02-14', 2, 12),
(222, '2018-02-14', 2, 13),
(223, '2018-02-14', 2, 16),
(224, '2018-02-14', 2, 17),
(225, '2018-02-14', 2, 20),
(226, '2018-02-14', 2, 21),
(227, '2018-02-14', 2, 22),
(228, '2018-02-14', 2, 23),
(229, '2018-02-14', 2, 24),
(230, '2018-02-14', 2, 31),
(231, '2018-02-14', 2, 39),
(232, '2018-02-14', 2, 40),
(233, '2018-02-14', 2, 43),
(234, '2018-02-14', 2, 44),
(235, '2018-02-14', 2, 45),
(236, '2018-02-14', 2, 49),
(237, '2018-02-14', 2, 51),
(238, '2018-02-14', 2, 52),
(239, '2018-02-14', 2, 54),
(240, '2018-02-14', 2, 58),
(241, '2018-02-14', 2, 63),
(242, '2018-02-14', 2, 64),
(243, '2018-02-14', 2, 67),
(244, '2018-02-14', 2, 69),
(245, '2018-02-14', 2, 71),
(246, '2018-02-14', 2, 72),
(247, '2018-02-14', 2, 73),
(248, '2018-02-14', 2, 74),
(249, '2018-02-14', 2, 76),
(250, '2018-02-14', 2, 77),
(251, '2018-02-14', 2, 82),
(252, '2018-02-14', 2, 83),
(253, '2018-02-14', 2, 84),
(254, '2018-02-14', 2, 86),
(255, '2018-02-14', 2, 90),
(256, '2018-02-15', 2, 2),
(257, '2018-02-15', 2, 13),
(258, '2018-02-15', 2, 14),
(259, '2018-02-15', 2, 15),
(260, '2018-02-15', 2, 16),
(261, '2018-02-15', 2, 19),
(262, '2018-02-15', 2, 20),
(263, '2018-02-15', 2, 21),
(264, '2018-02-15', 2, 22),
(265, '2018-02-15', 2, 23),
(266, '2018-02-15', 2, 25),
(267, '2018-02-15', 2, 28),
(268, '2018-02-15', 2, 35),
(269, '2018-02-15', 2, 36),
(270, '2018-02-15', 2, 38),
(271, '2018-02-15', 2, 39),
(272, '2018-02-15', 2, 40),
(273, '2018-02-15', 2, 43),
(274, '2018-02-15', 2, 44),
(275, '2018-02-15', 2, 45),
(276, '2018-02-15', 2, 53),
(277, '2018-02-15', 2, 55),
(278, '2018-02-15', 2, 56),
(279, '2018-02-15', 2, 59),
(280, '2018-02-15', 2, 63),
(281, '2018-02-15', 2, 67),
(282, '2018-02-15', 2, 69),
(283, '2018-02-15', 2, 71),
(284, '2018-02-15', 2, 72),
(285, '2018-02-15', 2, 74),
(286, '2018-02-15', 2, 76),
(287, '2018-02-15', 2, 77),
(288, '2018-02-15', 2, 82),
(289, '2018-02-15', 2, 83),
(290, '2018-02-15', 2, 86),
(291, '2018-02-15', 2, 89),
(298, '2018-02-16', 2, 10),
(299, '2018-02-16', 2, 17),
(300, '2018-02-16', 2, 21),
(301, '2018-02-16', 2, 22),
(302, '2018-02-16', 2, 23),
(303, '2018-02-16', 2, 25),
(304, '2018-02-16', 2, 27),
(305, '2018-02-16', 2, 28),
(306, '2018-02-16', 2, 29),
(307, '2018-02-16', 2, 34),
(308, '2018-02-16', 2, 41),
(309, '2018-02-16', 2, 42),
(310, '2018-02-16', 2, 44),
(311, '2018-02-16', 2, 45),
(312, '2018-02-16', 2, 51),
(313, '2018-02-16', 2, 55),
(314, '2018-02-16', 2, 57),
(315, '2018-02-16', 2, 58),
(316, '2018-02-16', 2, 60),
(317, '2018-02-16', 2, 63),
(318, '2018-02-16', 2, 74),
(319, '2018-02-16', 2, 76),
(320, '2018-02-16', 2, 77),
(321, '2018-02-16', 2, 79),
(322, '2018-02-16', 2, 80),
(323, '2018-02-16', 2, 84),
(324, '2018-02-16', 2, 86),
(325, '2018-02-17', 2, 11),
(326, '2018-02-17', 2, 13),
(327, '2018-02-17', 2, 17),
(328, '2018-02-17', 2, 18),
(329, '2018-02-17', 2, 21),
(330, '2018-02-17', 2, 25),
(331, '2018-02-17', 2, 26),
(332, '2018-02-17', 2, 28),
(333, '2018-02-17', 2, 29),
(334, '2018-02-17', 2, 40),
(335, '2018-02-17', 2, 41),
(336, '2018-02-17', 2, 44),
(337, '2018-02-17', 2, 45),
(338, '2018-02-17', 2, 52),
(339, '2018-02-17', 2, 64),
(340, '2018-02-17', 2, 69),
(341, '2018-02-17', 2, 73),
(342, '2018-02-17', 2, 74),
(343, '2018-02-17', 2, 75),
(344, '2018-02-17', 2, 80),
(345, '2018-02-17', 2, 83),
(346, '2018-02-17', 2, 86),
(347, '2018-02-17', 2, 89),
(348, '2018-02-19', 2, 6),
(349, '2018-02-19', 2, 9),
(350, '2018-02-19', 2, 10),
(351, '2018-02-19', 2, 11),
(352, '2018-02-19', 2, 12),
(353, '2018-02-19', 2, 14),
(354, '2018-02-19', 2, 18),
(355, '2018-02-19', 2, 21),
(356, '2018-02-19', 2, 22),
(357, '2018-02-19', 2, 23),
(358, '2018-02-19', 2, 24),
(359, '2018-02-19', 2, 25),
(360, '2018-02-19', 2, 26),
(361, '2018-02-19', 2, 27),
(362, '2018-02-19', 2, 28),
(363, '2018-02-19', 2, 29),
(364, '2018-02-19', 2, 31),
(365, '2018-02-19', 2, 33),
(366, '2018-02-19', 2, 36),
(367, '2018-02-19', 2, 41),
(368, '2018-02-19', 2, 44),
(369, '2018-02-19', 2, 45),
(370, '2018-02-19', 2, 57),
(371, '2018-02-19', 2, 60),
(372, '2018-02-19', 2, 63),
(373, '2018-02-19', 2, 64),
(374, '2018-02-19', 2, 69),
(375, '2018-02-19', 2, 70),
(376, '2018-02-19', 2, 71),
(377, '2018-02-19', 2, 74),
(378, '2018-02-19', 2, 80),
(379, '2018-02-19', 2, 83),
(380, '2018-02-19', 2, 85),
(381, '2018-02-19', 2, 89),
(382, '2018-02-20', 2, 6),
(383, '2018-02-20', 2, 11),
(384, '2018-02-20', 2, 13),
(385, '2018-02-20', 2, 16),
(386, '2018-02-20', 2, 18),
(387, '2018-02-20', 2, 19),
(388, '2018-02-20', 2, 20),
(389, '2018-02-20', 2, 21),
(390, '2018-02-20', 2, 22),
(391, '2018-02-20', 2, 26),
(392, '2018-02-20', 2, 29),
(393, '2018-02-20', 2, 31),
(394, '2018-02-20', 2, 33),
(395, '2018-02-20', 2, 35),
(396, '2018-02-20', 2, 38),
(397, '2018-02-20', 2, 41),
(398, '2018-02-20', 2, 42),
(399, '2018-02-20', 2, 44),
(400, '2018-02-20', 2, 45),
(401, '2018-02-20', 2, 48),
(402, '2018-02-20', 2, 52),
(403, '2018-02-20', 2, 55),
(404, '2018-02-20', 2, 56),
(405, '2018-02-20', 2, 57),
(406, '2018-02-20', 2, 58),
(407, '2018-02-20', 2, 59),
(408, '2018-02-20', 2, 61),
(409, '2018-02-20', 2, 62),
(410, '2018-02-20', 2, 64),
(411, '2018-02-20', 2, 69),
(412, '2018-02-20', 2, 70),
(413, '2018-02-20', 2, 71),
(414, '2018-02-20', 2, 72),
(415, '2018-02-20', 2, 73),
(416, '2018-02-20', 2, 74),
(417, '2018-02-20', 2, 77),
(418, '2018-02-20', 2, 80),
(419, '2018-02-20', 2, 83),
(420, '2018-02-20', 2, 86),
(421, '2018-02-20', 2, 87),
(422, '2018-02-20', 2, 88),
(423, '2018-02-20', 2, 89),
(424, '2018-02-21', 2, 2),
(425, '2018-02-21', 2, 5),
(426, '2018-02-21', 2, 6),
(427, '2018-02-21', 2, 11),
(428, '2018-02-21', 2, 13),
(429, '2018-02-21', 2, 15),
(430, '2018-02-21', 2, 16),
(431, '2018-02-21', 2, 17),
(432, '2018-02-21', 2, 18),
(433, '2018-02-21', 2, 19),
(434, '2018-02-21', 2, 22),
(435, '2018-02-21', 2, 23),
(436, '2018-02-21', 2, 26),
(437, '2018-02-21', 2, 28),
(438, '2018-02-21', 2, 29),
(439, '2018-02-21', 2, 31),
(440, '2018-02-21', 2, 33),
(441, '2018-02-21', 2, 35),
(442, '2018-02-21', 2, 42),
(443, '2018-02-21', 2, 44),
(444, '2018-02-21', 2, 48),
(445, '2018-02-21', 2, 55),
(446, '2018-02-21', 2, 58),
(447, '2018-02-21', 2, 59),
(448, '2018-02-21', 2, 61),
(449, '2018-02-21', 2, 64),
(450, '2018-02-21', 2, 67),
(451, '2018-02-21', 2, 69),
(452, '2018-02-21', 2, 71),
(453, '2018-02-21', 2, 72),
(454, '2018-02-21', 2, 73),
(455, '2018-02-21', 2, 74),
(456, '2018-02-21', 2, 76),
(457, '2018-02-21', 2, 77),
(458, '2018-02-21', 2, 80),
(459, '2018-02-21', 2, 83),
(460, '2018-02-21', 2, 85),
(461, '2018-02-21', 2, 86),
(462, '2018-02-21', 2, 89),
(463, '2018-02-22', 2, 2),
(464, '2018-02-22', 2, 6),
(465, '2018-02-22', 2, 11),
(466, '2018-02-22', 2, 12),
(467, '2018-02-22', 2, 15),
(468, '2018-02-22', 2, 17),
(469, '2018-02-22', 2, 19),
(470, '2018-02-22', 2, 20),
(471, '2018-02-22', 2, 21),
(472, '2018-02-22', 2, 23),
(473, '2018-02-22', 2, 26),
(474, '2018-02-22', 2, 28),
(475, '2018-02-22', 2, 29),
(476, '2018-02-22', 2, 31),
(477, '2018-02-22', 2, 35),
(478, '2018-02-22', 2, 36),
(479, '2018-02-22', 2, 42),
(480, '2018-02-22', 2, 44),
(481, '2018-02-22', 2, 48),
(482, '2018-02-22', 2, 49),
(483, '2018-02-22', 2, 54),
(484, '2018-02-22', 2, 55),
(485, '2018-02-22', 2, 57),
(486, '2018-02-22', 2, 58),
(487, '2018-02-22', 2, 61),
(488, '2018-02-22', 2, 62),
(489, '2018-02-22', 2, 69),
(490, '2018-02-22', 2, 71),
(491, '2018-02-22', 2, 74),
(492, '2018-02-22', 2, 77),
(493, '2018-02-22', 2, 80),
(494, '2018-02-22', 2, 82),
(495, '2018-02-22', 2, 83),
(496, '2018-02-22', 2, 86),
(497, '2018-02-22', 2, 89),
(498, '2018-02-23', 2, 3),
(499, '2018-02-23', 2, 8),
(500, '2018-02-23', 2, 12),
(501, '2018-02-23', 2, 14),
(502, '2018-02-23', 2, 15),
(503, '2018-02-23', 2, 17),
(504, '2018-02-23', 2, 21),
(505, '2018-02-23', 2, 23),
(506, '2018-02-23', 2, 26),
(507, '2018-02-23', 2, 28),
(508, '2018-02-23', 2, 29),
(509, '2018-02-23', 2, 36),
(510, '2018-02-23', 2, 42),
(511, '2018-02-23', 2, 43),
(512, '2018-02-23', 2, 44),
(513, '2018-02-23', 2, 51),
(514, '2018-02-23', 2, 58),
(515, '2018-02-23', 2, 59),
(516, '2018-02-23', 2, 63),
(517, '2018-02-23', 2, 66),
(518, '2018-02-23', 2, 68),
(519, '2018-02-23', 2, 69),
(520, '2018-02-23', 2, 71),
(521, '2018-02-23', 2, 74),
(522, '2018-02-23', 2, 75),
(523, '2018-02-23', 2, 77),
(524, '2018-02-23', 2, 80),
(525, '2018-02-23', 2, 82),
(526, '2018-02-23', 2, 83),
(527, '2018-02-23', 2, 85),
(528, '2018-02-23', 2, 86),
(529, '2018-02-23', 2, 87),
(530, '2018-02-23', 2, 89),
(531, '2018-02-23', 2, 90),
(532, '2018-02-24', 2, 2),
(533, '2018-02-24', 2, 4),
(534, '2018-02-24', 2, 15),
(535, '2018-02-24', 2, 17),
(536, '2018-02-24', 2, 20),
(537, '2018-02-24', 2, 22),
(538, '2018-02-24', 2, 26),
(539, '2018-02-24', 2, 28),
(540, '2018-02-24', 2, 31),
(541, '2018-02-24', 2, 36),
(542, '2018-02-24', 2, 42),
(543, '2018-02-24', 2, 43),
(544, '2018-02-24', 2, 44),
(545, '2018-02-24', 2, 48),
(546, '2018-02-24', 2, 54),
(547, '2018-02-24', 2, 55),
(548, '2018-02-24', 2, 57),
(549, '2018-02-24', 2, 59),
(550, '2018-02-24', 2, 62),
(551, '2018-02-24', 2, 63),
(552, '2018-02-24', 2, 69),
(553, '2018-02-24', 2, 71),
(554, '2018-02-24', 2, 77),
(555, '2018-02-24', 2, 82),
(556, '2018-02-24', 2, 83),
(557, '2018-02-24', 2, 87),
(558, '2018-02-24', 2, 90),
(559, '2018-02-26', 2, 3),
(560, '2018-02-26', 2, 10),
(561, '2018-02-26', 2, 12),
(562, '2018-02-26', 2, 13),
(563, '2018-02-26', 2, 14),
(564, '2018-02-26', 2, 21),
(565, '2018-02-26', 2, 22),
(566, '2018-02-26', 2, 26),
(567, '2018-02-26', 2, 28),
(568, '2018-02-26', 2, 29),
(569, '2018-02-26', 2, 34),
(570, '2018-02-26', 2, 36),
(571, '2018-02-26', 2, 39),
(572, '2018-02-26', 2, 41),
(573, '2018-02-26', 2, 42),
(574, '2018-02-26', 2, 43),
(575, '2018-02-26', 2, 44),
(576, '2018-02-26', 2, 45),
(577, '2018-02-26', 2, 51),
(578, '2018-02-26', 2, 54),
(579, '2018-02-26', 2, 55),
(580, '2018-02-26', 2, 56),
(581, '2018-02-26', 2, 59),
(582, '2018-02-26', 2, 60),
(583, '2018-02-26', 2, 63),
(584, '2018-02-26', 2, 67),
(585, '2018-02-26', 2, 69),
(586, '2018-02-26', 2, 71),
(587, '2018-02-26', 2, 73),
(588, '2018-02-26', 2, 74),
(589, '2018-02-26', 2, 80),
(590, '2018-02-26', 2, 83),
(591, '2018-02-26', 2, 84),
(592, '2018-02-26', 2, 87),
(593, '2018-02-27', 2, 4),
(594, '2018-02-27', 2, 6),
(595, '2018-02-27', 2, 10),
(596, '2018-02-27', 2, 11),
(597, '2018-02-27', 2, 12),
(598, '2018-02-27', 2, 13),
(599, '2018-02-27', 2, 18),
(600, '2018-02-27', 2, 23),
(601, '2018-02-27', 2, 26),
(602, '2018-02-27', 2, 27),
(603, '2018-02-27', 2, 28),
(604, '2018-02-27', 2, 29),
(605, '2018-02-27', 2, 33),
(606, '2018-02-27', 2, 34),
(607, '2018-02-27', 2, 36),
(608, '2018-02-27', 2, 38),
(609, '2018-02-27', 2, 39),
(610, '2018-02-27', 2, 44),
(611, '2018-02-27', 2, 45),
(612, '2018-02-27', 2, 51),
(613, '2018-02-27', 2, 52),
(614, '2018-02-27', 2, 54),
(615, '2018-02-27', 2, 56),
(616, '2018-02-27', 2, 59),
(617, '2018-02-27', 2, 60),
(618, '2018-02-27', 2, 62),
(619, '2018-02-27', 2, 66),
(620, '2018-02-27', 2, 67),
(621, '2018-02-27', 2, 69),
(622, '2018-02-27', 2, 73),
(623, '2018-02-27', 2, 83),
(624, '2018-02-27', 2, 84),
(625, '2018-02-27', 2, 85),
(626, '2018-02-27', 2, 87),
(627, '2018-02-27', 2, 89),
(628, '2018-02-28', 2, 8),
(629, '2018-02-28', 2, 11),
(630, '2018-02-28', 2, 13),
(631, '2018-02-28', 2, 17),
(632, '2018-02-28', 2, 18),
(633, '2018-02-28', 2, 24),
(634, '2018-02-28', 2, 28),
(635, '2018-02-28', 2, 33),
(636, '2018-02-28', 2, 38),
(637, '2018-02-28', 2, 39),
(638, '2018-02-28', 2, 43),
(639, '2018-02-28', 2, 44),
(640, '2018-02-28', 2, 45),
(641, '2018-02-28', 2, 51),
(642, '2018-02-28', 2, 52),
(643, '2018-02-28', 2, 54),
(644, '2018-02-28', 2, 57),
(645, '2018-02-28', 2, 61),
(646, '2018-02-28', 2, 62),
(647, '2018-02-28', 2, 63),
(648, '2018-02-28', 2, 65),
(649, '2018-02-28', 2, 68),
(650, '2018-02-28', 2, 69),
(651, '2018-02-28', 2, 70),
(652, '2018-02-28', 2, 73),
(653, '2018-02-28', 2, 74),
(654, '2018-02-28', 2, 79),
(655, '2018-02-28', 2, 83),
(656, '2018-02-28', 2, 85),
(657, '2018-02-28', 2, 86),
(658, '2018-02-28', 2, 90),
(659, '2018-03-01', 2, 1),
(660, '2018-03-01', 2, 13),
(661, '2018-03-01', 2, 17),
(662, '2018-03-01', 2, 18),
(663, '2018-03-01', 2, 21),
(664, '2018-03-01', 2, 23),
(665, '2018-03-01', 2, 24),
(666, '2018-03-01', 2, 25),
(667, '2018-03-01', 2, 27),
(668, '2018-03-01', 2, 28),
(669, '2018-03-01', 2, 29),
(670, '2018-03-01', 2, 33),
(671, '2018-03-01', 2, 35),
(672, '2018-03-01', 2, 43),
(673, '2018-03-01', 2, 44),
(674, '2018-03-01', 2, 45),
(675, '2018-03-01', 2, 52),
(676, '2018-03-01', 2, 59),
(677, '2018-03-01', 2, 67),
(678, '2018-03-01', 2, 68),
(679, '2018-03-01', 2, 69),
(680, '2018-03-01', 2, 76),
(681, '2018-03-01', 2, 79),
(682, '2018-03-01', 2, 83),
(683, '2018-03-01', 2, 85),
(684, '2018-03-01', 2, 86),
(685, '2018-03-01', 2, 87),
(686, '2018-03-01', 2, 90),
(687, '2018-03-02', 2, 1),
(688, '2018-03-02', 2, 13),
(689, '2018-03-02', 2, 17),
(690, '2018-03-02', 2, 18),
(691, '2018-03-02', 2, 21),
(692, '2018-03-02', 2, 23),
(693, '2018-03-02', 2, 24),
(694, '2018-03-02', 2, 25),
(695, '2018-03-02', 2, 27),
(696, '2018-03-02', 2, 28),
(697, '2018-03-02', 2, 29),
(698, '2018-03-02', 2, 33),
(699, '2018-03-02', 2, 35),
(700, '2018-03-02', 2, 43),
(701, '2018-03-02', 2, 44),
(702, '2018-03-02', 2, 45),
(703, '2018-03-02', 2, 52),
(704, '2018-03-02', 2, 59),
(705, '2018-03-02', 2, 67),
(706, '2018-03-02', 2, 68),
(707, '2018-03-02', 2, 69),
(708, '2018-03-02', 2, 76),
(709, '2018-03-02', 2, 79),
(710, '2018-03-02', 2, 83),
(711, '2018-03-02', 2, 85),
(712, '2018-03-02', 2, 86),
(713, '2018-03-02', 2, 87),
(714, '2018-03-02', 2, 90),
(715, '2018-03-03', 2, 13),
(716, '2018-03-03', 2, 15),
(717, '2018-03-03', 2, 17),
(718, '2018-03-03', 2, 18),
(719, '2018-03-03', 2, 23),
(720, '2018-03-03', 2, 24),
(721, '2018-03-03', 2, 27),
(722, '2018-03-03', 2, 28),
(723, '2018-03-03', 2, 33),
(724, '2018-03-03', 2, 35),
(725, '2018-03-03', 2, 44),
(726, '2018-03-03', 2, 45),
(727, '2018-03-03', 2, 52),
(728, '2018-03-03', 2, 53),
(729, '2018-03-03', 2, 59),
(730, '2018-03-03', 2, 67),
(731, '2018-03-03', 2, 68),
(732, '2018-03-03', 2, 69),
(733, '2018-03-03', 2, 79),
(734, '2018-03-03', 2, 81),
(735, '2018-03-03', 2, 82),
(736, '2018-03-03', 2, 83),
(737, '2018-03-03', 2, 86),
(738, '2018-03-03', 2, 89),
(739, '2018-03-03', 2, 90),
(740, '2018-03-05', 2, 2),
(741, '2018-03-05', 2, 4),
(742, '2018-03-05', 2, 5),
(743, '2018-03-05', 2, 10),
(744, '2018-03-05', 2, 13),
(745, '2018-03-05', 2, 18),
(746, '2018-03-05', 2, 21),
(747, '2018-03-05', 2, 24),
(748, '2018-03-05', 2, 27),
(749, '2018-03-05', 2, 28),
(750, '2018-03-05', 2, 29),
(751, '2018-03-05', 2, 33),
(752, '2018-03-05', 2, 35),
(753, '2018-03-05', 2, 43),
(754, '2018-03-05', 2, 44),
(755, '2018-03-05', 2, 47),
(756, '2018-03-05', 2, 52),
(757, '2018-03-05', 2, 53),
(758, '2018-03-05', 2, 54),
(759, '2018-03-05', 2, 59),
(760, '2018-03-05', 2, 60),
(761, '2018-03-05', 2, 64),
(762, '2018-03-05', 2, 67),
(763, '2018-03-05', 2, 68),
(764, '2018-03-05', 2, 69),
(765, '2018-03-05', 2, 71),
(766, '2018-03-05', 2, 74),
(767, '2018-03-05', 2, 84),
(768, '2018-03-06', 2, 2),
(769, '2018-03-06', 2, 4),
(770, '2018-03-06', 2, 5),
(771, '2018-03-06', 2, 8),
(772, '2018-03-06', 2, 13),
(773, '2018-03-06', 2, 20),
(774, '2018-03-06', 2, 26),
(775, '2018-03-06', 2, 27),
(776, '2018-03-06', 2, 29),
(777, '2018-03-06', 2, 33),
(778, '2018-03-06', 2, 35),
(779, '2018-03-06', 2, 40),
(780, '2018-03-06', 2, 42),
(781, '2018-03-06', 2, 44),
(782, '2018-03-06', 2, 46),
(783, '2018-03-06', 2, 47),
(784, '2018-03-06', 2, 49),
(785, '2018-03-06', 2, 53),
(786, '2018-03-06', 2, 54),
(787, '2018-03-06', 2, 59),
(788, '2018-03-06', 2, 60),
(789, '2018-03-06', 2, 65),
(790, '2018-03-06', 2, 68),
(791, '2018-03-06', 2, 69),
(792, '2018-03-06', 2, 71),
(793, '2018-03-06', 2, 73),
(794, '2018-03-06', 2, 74),
(795, '2018-03-06', 2, 80),
(796, '2018-03-06', 2, 81),
(797, '2018-03-06', 2, 86),
(798, '2018-03-06', 2, 87),
(799, '2018-03-06', 2, 89),
(800, '2018-03-06', 2, 90),
(801, '2018-03-07', 2, 5),
(802, '2018-03-07', 2, 8),
(803, '2018-03-07', 2, 11),
(804, '2018-03-07', 2, 13),
(805, '2018-03-07', 2, 15),
(806, '2018-03-07', 2, 20),
(807, '2018-03-07', 2, 22),
(808, '2018-03-07', 2, 25),
(809, '2018-03-07', 2, 26),
(810, '2018-03-07', 2, 27),
(811, '2018-03-07', 2, 33),
(812, '2018-03-07', 2, 35),
(813, '2018-03-07', 2, 39),
(814, '2018-03-07', 2, 40),
(815, '2018-03-07', 2, 48),
(816, '2018-03-07', 2, 49),
(817, '2018-03-07', 2, 53),
(818, '2018-03-07', 2, 54),
(819, '2018-03-07', 2, 59),
(820, '2018-03-07', 2, 60),
(821, '2018-03-07', 2, 61),
(822, '2018-03-07', 2, 65),
(823, '2018-03-07', 2, 68),
(824, '2018-03-07', 2, 69),
(825, '2018-03-07', 2, 71),
(826, '2018-03-07', 2, 74),
(827, '2018-03-07', 2, 86),
(828, '2018-03-07', 2, 87),
(829, '2018-03-07', 2, 88),
(830, '2018-03-07', 2, 89),
(831, '2018-03-08', 2, 1),
(832, '2018-03-08', 2, 7),
(833, '2018-03-08', 2, 8),
(834, '2018-03-08', 2, 13),
(835, '2018-03-08', 2, 14),
(836, '2018-03-08', 2, 15),
(837, '2018-03-08', 2, 20),
(838, '2018-03-08', 2, 21),
(839, '2018-03-08', 2, 22),
(840, '2018-03-08', 2, 27),
(841, '2018-03-08', 2, 31),
(842, '2018-03-08', 2, 34),
(843, '2018-03-08', 2, 35),
(844, '2018-03-08', 2, 39),
(845, '2018-03-08', 2, 40),
(846, '2018-03-08', 2, 42),
(847, '2018-03-08', 2, 48),
(848, '2018-03-08', 2, 53),
(849, '2018-03-08', 2, 54),
(850, '2018-03-08', 2, 59),
(851, '2018-03-08', 2, 60),
(852, '2018-03-08', 2, 61),
(853, '2018-03-08', 2, 65),
(854, '2018-03-08', 2, 68),
(855, '2018-03-08', 2, 70),
(856, '2018-03-08', 2, 73),
(857, '2018-03-08', 2, 74),
(858, '2018-03-08', 2, 76),
(859, '2018-03-08', 2, 80),
(860, '2018-03-08', 2, 83),
(861, '2018-03-08', 2, 85),
(862, '2018-03-08', 2, 86),
(863, '2018-03-08', 2, 87),
(864, '2018-03-08', 2, 88),
(865, '2018-03-09', 2, 2),
(866, '2018-03-09', 2, 5),
(867, '2018-03-09', 2, 11),
(868, '2018-03-09', 2, 13),
(869, '2018-03-09', 2, 14),
(870, '2018-03-09', 2, 15),
(871, '2018-03-09', 2, 19),
(872, '2018-03-09', 2, 20),
(873, '2018-03-09', 2, 21),
(874, '2018-03-09', 2, 24),
(875, '2018-03-09', 2, 25),
(876, '2018-03-09', 2, 26),
(877, '2018-03-09', 2, 27),
(878, '2018-03-09', 2, 30),
(879, '2018-03-09', 2, 33),
(880, '2018-03-09', 2, 34),
(881, '2018-03-09', 2, 36),
(882, '2018-03-09', 2, 39),
(883, '2018-03-09', 2, 41),
(884, '2018-03-09', 2, 42),
(885, '2018-03-09', 2, 48),
(886, '2018-03-09', 2, 54),
(887, '2018-03-09', 2, 57),
(888, '2018-03-09', 2, 60),
(889, '2018-03-09', 2, 65),
(890, '2018-03-09', 2, 69),
(891, '2018-03-09', 2, 70),
(892, '2018-03-09', 2, 73),
(893, '2018-03-09', 2, 74),
(894, '2018-03-09', 2, 76),
(895, '2018-03-09', 2, 79),
(896, '2018-03-09', 2, 80),
(897, '2018-03-09', 2, 81),
(898, '2018-03-09', 2, 83),
(899, '2018-03-09', 2, 85),
(900, '2018-03-09', 2, 86),
(901, '2018-03-09', 2, 89),
(920, '2018-03-10', 2, 7),
(921, '2018-03-10', 2, 13),
(922, '2018-03-10', 2, 15),
(924, '2018-03-10', 2, 19),
(925, '2018-03-10', 2, 20),
(926, '2018-03-10', 2, 21),
(927, '2018-03-10', 2, 25),
(928, '2018-03-10', 2, 26),
(929, '2018-03-10', 2, 27),
(930, '2018-03-10', 2, 31),
(931, '2018-03-10', 2, 36),
(932, '2018-03-10', 2, 48),
(933, '2018-03-10', 2, 53),
(934, '2018-03-10', 2, 54),
(935, '2018-03-10', 2, 55),
(936, '2018-03-10', 2, 60),
(937, '2018-03-10', 2, 62),
(938, '2018-03-10', 2, 64),
(939, '2018-03-10', 2, 65),
(940, '2018-03-10', 2, 66),
(941, '2018-03-10', 2, 69),
(942, '2018-03-10', 2, 74),
(943, '2018-03-10', 2, 80),
(944, '2018-03-10', 2, 81),
(945, '2018-03-10', 2, 83),
(946, '2018-03-10', 2, 85),
(947, '2018-03-10', 2, 86),
(948, '2018-03-10', 2, 89),
(949, '2018-03-11', 2, 1),
(950, '2018-03-11', 2, 2),
(951, '2018-03-11', 2, 7),
(952, '2018-03-11', 2, 9),
(953, '2018-03-11', 2, 10),
(954, '2018-03-11', 2, 11),
(955, '2018-03-11', 2, 13),
(956, '2018-03-11', 2, 14),
(957, '2018-03-11', 2, 15),
(958, '2018-03-11', 2, 19),
(959, '2018-03-11', 2, 20),
(960, '2018-03-11', 2, 21),
(961, '2018-03-11', 2, 25),
(962, '2018-03-11', 2, 26),
(963, '2018-03-11', 2, 27),
(964, '2018-03-11', 2, 31),
(965, '2018-03-11', 2, 47),
(966, '2018-03-11', 2, 50),
(967, '2018-03-11', 2, 51),
(968, '2018-03-11', 2, 53),
(969, '2018-03-11', 2, 54),
(970, '2018-03-11', 2, 55),
(971, '2018-03-11', 2, 58),
(972, '2018-03-11', 2, 60),
(973, '2018-03-11', 2, 65),
(974, '2018-03-11', 2, 69),
(975, '2018-03-11', 2, 71),
(976, '2018-03-11', 2, 74),
(977, '2018-03-11', 2, 81),
(978, '2018-03-11', 2, 83),
(979, '2018-03-11', 2, 85),
(980, '2018-03-11', 2, 86),
(981, '2018-03-11', 2, 87),
(982, '2018-03-12', 2, 5),
(983, '2018-03-12', 2, 13),
(984, '2018-03-12', 2, 14),
(985, '2018-03-12', 2, 16),
(986, '2018-03-12', 2, 20),
(987, '2018-03-12', 2, 21),
(988, '2018-03-12', 2, 22),
(989, '2018-03-12', 2, 24),
(990, '2018-03-12', 2, 26),
(991, '2018-03-12', 2, 27),
(992, '2018-03-12', 2, 29),
(993, '2018-03-12', 2, 31),
(994, '2018-03-12', 2, 35),
(995, '2018-03-12', 2, 42),
(996, '2018-03-12', 2, 49),
(997, '2018-03-12', 2, 51),
(998, '2018-03-12', 2, 53),
(999, '2018-03-12', 2, 54),
(1000, '2018-03-12', 2, 58),
(1001, '2018-03-12', 2, 60),
(1002, '2018-03-12', 2, 64),
(1003, '2018-03-12', 2, 65),
(1004, '2018-03-12', 2, 69),
(1005, '2018-03-12', 2, 74),
(1006, '2018-03-12', 2, 76),
(1007, '2018-03-12', 2, 81),
(1008, '2018-03-12', 2, 83),
(1009, '2018-03-12', 2, 86),
(1010, '2018-03-12', 2, 89),
(1036, '2018-03-13', 2, 12),
(1037, '2018-03-13', 2, 22),
(1038, '2018-03-13', 2, 26),
(1039, '2018-03-13', 2, 27),
(1040, '2018-03-13', 2, 31),
(1041, '2018-03-13', 2, 35),
(1042, '2018-03-13', 2, 48),
(1043, '2018-03-13', 2, 49),
(1044, '2018-03-13', 2, 51),
(1045, '2018-03-13', 2, 53),
(1046, '2018-03-13', 2, 54),
(1047, '2018-03-13', 2, 67),
(1048, '2018-03-13', 2, 74),
(1049, '2018-03-13', 2, 79),
(1050, '2018-03-13', 2, 80),
(1051, '2018-03-13', 2, 85),
(1052, '2018-03-13', 2, 89),
(1053, '2018-03-13', 2, 1);

-- --------------------------------------------------------

--
-- Estructura de tabla para la tabla `stock`
--

CREATE TABLE `stock` (
  `s_id` int(11) NOT NULL,
  `fk_estado` int(11) NOT NULL,
  `fk_producto` int(11) NOT NULL,
  `fk_registro` int(11) NOT NULL
) ENGINE=InnoDB DEFAULT CHARSET=utf8 COLLATE=utf8_spanish_ci;

--
-- Volcado de datos para la tabla `stock`
--

INSERT INTO `stock` (`s_id`, `fk_estado`, `fk_producto`, `fk_registro`) VALUES
(1, 1, 3, 1),
(2, 1, 9, 2),
(3, 1, 5, 3),
(4, 1, 7, 3),
(5, 1, 9, 3),
(6, 1, 5, 4),
(7, 1, 9, 4),
(8, 1, 1, 5),
(9, 1, 9, 6),
(10, 1, 8, 7),
(11, 1, 7, 8),
(12, 1, 9, 9),
(13, 1, 2, 10),
(14, 1, 12, 11),
(15, 1, 10, 12),
(16, 1, 1, 13),
(17, 1, 6, 13),
(18, 1, 11, 13),
(19, 1, 7, 14),
(20, 1, 10, 14),
(21, 1, 12, 14),
(22, 1, 7, 15),
(23, 1, 9, 15),
(24, 1, 10, 15),
(25, 1, 2, 16),
(26, 1, 2, 17),
(27, 1, 3, 17),
(28, 1, 11, 18),
(29, 1, 1, 19),
(30, 1, 9, 19),
(31, 1, 10, 20),
(32, 1, 2, 21),
(33, 2, 6, 22),
(34, 1, 1, 23),
(35, 1, 7, 24),
(36, 1, 12, 25),
(37, 1, 7, 26),
(38, 1, 6, 27),
(39, 1, 3, 28),
(40, 1, 7, 29),
(41, 1, 11, 29),
(42, 1, 1, 30),
(43, 1, 7, 31),
(44, 1, 9, 31),
(45, 1, 1, 32),
(46, 1, 6, 32),
(47, 1, 5, 33),
(48, 1, 1, 34),
(49, 1, 7, 34),
(50, 1, 9, 34),
(51, 2, 1, 35),
(52, 2, 2, 35),
(53, 2, 3, 35),
(54, 2, 4, 35),
(55, 2, 7, 35),
(56, 3, 8, 35),
(57, 2, 9, 35),
(58, 1, 1, 36),
(59, 2, 6, 36),
(60, 1, 9, 37),
(61, 1, 10, 37),
(62, 1, 5, 38),
(63, 1, 1, 39),
(64, 1, 2, 40),
(65, 1, 8, 40),
(66, 1, 7, 41),
(67, 1, 1, 42),
(68, 1, 5, 42),
(69, 1, 6, 42),
(70, 1, 9, 42),
(71, 1, 1, 43),
(72, 1, 12, 44),
(73, 1, 6, 45),
(74, 1, 11, 45),
(75, 1, 7, 46),
(76, 1, 4, 47),
(77, 1, 7, 47),
(78, 1, 10, 47),
(79, 1, 11, 47),
(80, 1, 5, 47),
(81, 1, 3, 48),
(82, 1, 8, 48),
(83, 1, 9, 48),
(84, 1, 1, 49),
(85, 1, 9, 49),
(86, 1, 3, 50),
(87, 1, 1, 51),
(88, 1, 2, 51),
(89, 1, 4, 51),
(90, 2, 6, 51),
(91, 1, 1, 52),
(92, 1, 2, 53),
(93, 1, 4, 53),
(94, 1, 1, 54),
(95, 1, 10, 54),
(96, 1, 3, 55),
(97, 1, 8, 55),
(98, 1, 2, 56),
(99, 1, 3, 57),
(100, 1, 6, 57),
(101, 1, 7, 58),
(102, 1, 9, 58),
(103, 1, 2, 59),
(104, 1, 7, 59),
(105, 1, 8, 59),
(106, 1, 9, 59),
(107, 1, 1, 60),
(108, 1, 10, 61),
(109, 1, 10, 62),
(110, 1, 1, 63),
(111, 1, 2, 63),
(112, 1, 6, 63),
(113, 1, 7, 63),
(114, 1, 8, 63),
(115, 1, 9, 63),
(116, 1, 5, 64),
(117, 1, 1, 65),
(118, 1, 5, 66),
(119, 1, 7, 66),
(120, 1, 1, 67),
(121, 1, 8, 67),
(122, 1, 8, 68),
(123, 1, 9, 68),
(124, 1, 1, 69),
(125, 1, 1, 70),
(126, 1, 7, 70),
(127, 1, 8, 71),
(128, 1, 1, 72),
(129, 1, 1, 73),
(130, 1, 1, 74),
(131, 1, 2, 74),
(132, 1, 7, 74),
(133, 1, 1, 75),
(134, 1, 12, 75),
(135, 1, 2, 76),
(136, 1, 1, 77),
(137, 1, 7, 78),
(138, 1, 10, 78),
(139, 1, 3, 79),
(140, 1, 8, 79),
(141, 1, 9, 79),
(142, 1, 3, 80),
(143, 1, 7, 80),
(144, 1, 1, 81),
(145, 1, 1, 82),
(146, 1, 2, 82),
(147, 1, 1, 83),
(148, 1, 1, 84),
(149, 1, 2, 85),
(150, 1, 2, 86),
(151, 1, 7, 87),
(152, 1, 2, 88),
(153, 1, 7, 88),
(154, 1, 9, 88),
(155, 1, 1, 89),
(156, 1, 9, 90),
(157, 1, 1, 91),
(158, 1, 10, 92),
(159, 1, 1, 93),
(160, 1, 6, 93),
(161, 1, 5, 94),
(162, 1, 7, 94),
(163, 1, 1, 95),
(164, 1, 6, 95),
(165, 1, 8, 95),
(166, 1, 9, 95),
(167, 1, 10, 95),
(168, 1, 11, 95),
(169, 1, 1, 96),
(170, 1, 2, 96),
(171, 1, 7, 97),
(172, 1, 1, 98),
(173, 1, 8, 98),
(174, 1, 11, 99),
(175, 1, 12, 100),
(176, 1, 8, 101),
(177, 1, 7, 102),
(178, 1, 10, 102),
(179, 1, 6, 103),
(180, 1, 8, 103),
(181, 1, 9, 104),
(182, 1, 10, 104),
(183, 1, 11, 105),
(184, 1, 9, 106),
(185, 1, 12, 107),
(186, 1, 7, 108),
(187, 1, 9, 108),
(188, 1, 10, 108),
(189, 1, 1, 109),
(190, 1, 2, 109),
(191, 1, 4, 109),
(192, 1, 9, 109),
(193, 1, 11, 109),
(194, 1, 1, 110),
(195, 1, 5, 110),
(196, 1, 9, 111),
(197, 1, 6, 112),
(198, 1, 2, 113),
(199, 1, 2, 114),
(200, 1, 1, 115),
(201, 1, 1, 116),
(202, 1, 9, 117),
(203, 1, 10, 118),
(204, 1, 9, 119),
(205, 1, 1, 120),
(206, 1, 2, 120),
(207, 1, 7, 120),
(208, 1, 8, 120),
(209, 1, 9, 120),
(210, 1, 7, 121),
(211, 1, 8, 121),
(212, 1, 9, 121),
(213, 1, 2, 122),
(214, 1, 3, 122),
(215, 1, 7, 122),
(216, 1, 9, 122),
(217, 1, 9, 123),
(218, 1, 1, 124),
(219, 1, 2, 124),
(220, 1, 1, 125),
(221, 1, 9, 125),
(222, 1, 10, 125),
(223, 1, 3, 126),
(224, 1, 4, 126),
(225, 1, 6, 126),
(226, 1, 8, 126),
(227, 1, 9, 126),
(228, 1, 10, 126),
(229, 1, 11, 126),
(230, 1, 1, 127),
(231, 1, 2, 127),
(232, 1, 1, 128),
(233, 1, 11, 128),
(234, 1, 8, 129),
(235, 1, 2, 130),
(236, 1, 6, 130),
(237, 1, 8, 130),
(238, 1, 9, 131),
(239, 1, 10, 131),
(240, 1, 7, 132),
(241, 1, 6, 133),
(242, 1, 8, 133),
(243, 1, 3, 134),
(244, 1, 11, 135),
(245, 1, 12, 136),
(246, 1, 7, 137),
(247, 1, 9, 137),
(248, 1, 10, 137),
(249, 1, 1, 138),
(250, 1, 2, 138),
(251, 1, 3, 139),
(252, 1, 6, 139),
(253, 1, 11, 139),
(254, 1, 3, 140),
(255, 1, 3, 141),
(256, 1, 9, 141),
(257, 1, 1, 142),
(258, 1, 2, 142),
(259, 1, 1, 143),
(260, 1, 2, 143),
(261, 1, 10, 143),
(262, 1, 7, 144),
(263, 1, 8, 144),
(264, 1, 9, 144),
(265, 1, 1, 145),
(266, 1, 1, 146),
(267, 1, 9, 146),
(268, 1, 9, 147),
(269, 1, 11, 147),
(270, 2, 2, 148),
(271, 2, 5, 148),
(272, 2, 6, 148),
(273, 1, 1, 149),
(274, 1, 2, 149),
(275, 1, 9, 149),
(276, 1, 10, 149),
(277, 1, 2, 150),
(278, 1, 9, 150),
(279, 1, 3, 151),
(280, 1, 5, 151),
(281, 1, 3, 152),
(282, 1, 7, 153),
(283, 1, 8, 153),
(284, 1, 1, 154),
(285, 1, 11, 154),
(286, 1, 2, 155),
(287, 1, 11, 155),
(288, 1, 2, 156),
(289, 1, 8, 156),
(290, 1, 7, 157),
(291, 1, 10, 158),
(292, 1, 2, 159),
(293, 1, 5, 159),
(294, 1, 6, 159),
(295, 1, 8, 159),
(296, 1, 9, 160),
(297, 1, 10, 160),
(298, 1, 3, 161),
(299, 1, 4, 162),
(300, 1, 7, 163),
(301, 1, 6, 164),
(302, 1, 8, 164),
(303, 1, 4, 165),
(304, 1, 8, 165),
(305, 1, 11, 166),
(306, 1, 9, 167),
(307, 1, 12, 168),
(308, 1, 1, 169),
(309, 1, 2, 169),
(310, 1, 11, 169),
(311, 1, 2, 170),
(312, 1, 3, 171),
(313, 1, 5, 171),
(314, 1, 7, 171),
(315, 1, 11, 171),
(316, 1, 1, 172),
(317, 1, 2, 172),
(318, 1, 4, 172),
(319, 1, 8, 172),
(320, 1, 1, 173),
(321, 1, 2, 173),
(322, 1, 3, 173),
(323, 1, 2, 174),
(324, 1, 3, 174),
(325, 1, 8, 174),
(326, 1, 11, 174),
(327, 1, 1, 175),
(328, 1, 2, 175),
(329, 1, 3, 175),
(330, 1, 7, 175),
(331, 1, 8, 175),
(332, 1, 5, 176),
(333, 1, 9, 176),
(334, 1, 1, 177),
(335, 1, 2, 177),
(336, 1, 2, 178),
(337, 1, 1, 179),
(338, 1, 2, 179),
(339, 1, 7, 179),
(340, 1, 9, 179),
(341, 1, 1, 180),
(342, 1, 2, 180),
(343, 1, 3, 180),
(344, 1, 7, 180),
(345, 1, 8, 180),
(346, 1, 10, 180),
(347, 1, 2, 181),
(348, 1, 9, 182),
(349, 1, 10, 182),
(350, 2, 2, 183),
(351, 2, 5, 183),
(352, 2, 6, 183),
(353, 1, 1, 184),
(354, 1, 9, 184),
(355, 1, 10, 184),
(356, 1, 1, 185),
(357, 1, 7, 185),
(358, 1, 8, 185),
(359, 1, 9, 185),
(360, 1, 1, 186),
(361, 1, 2, 186),
(362, 1, 6, 186),
(363, 1, 8, 186),
(364, 1, 10, 187),
(365, 1, 2, 188),
(366, 1, 6, 188),
(367, 1, 9, 189),
(368, 1, 3, 190),
(369, 1, 5, 190),
(370, 1, 3, 191),
(371, 1, 7, 192),
(372, 1, 8, 192),
(373, 1, 10, 193),
(374, 1, 1, 194),
(375, 1, 11, 194),
(376, 1, 2, 195),
(377, 1, 8, 195),
(378, 1, 2, 196),
(379, 1, 1, 197),
(380, 1, 3, 198),
(381, 1, 11, 199),
(382, 1, 7, 200),
(383, 1, 8, 201),
(384, 1, 9, 201),
(385, 1, 11, 202),
(386, 1, 1, 203),
(387, 1, 2, 203),
(388, 1, 7, 204),
(389, 1, 10, 204),
(390, 1, 12, 205),
(391, 1, 4, 206),
(392, 1, 7, 206),
(393, 1, 9, 206),
(394, 1, 1, 207),
(395, 1, 2, 207),
(396, 1, 3, 208),
(397, 1, 5, 208),
(398, 1, 7, 208),
(399, 1, 11, 208),
(400, 1, 2, 209),
(401, 1, 11, 209),
(402, 1, 1, 210),
(403, 1, 2, 210),
(404, 1, 3, 210),
(405, 1, 1, 211),
(406, 1, 2, 211),
(407, 1, 3, 211),
(408, 1, 5, 211),
(409, 1, 7, 211),
(410, 1, 9, 211),
(411, 1, 1, 212),
(412, 1, 2, 212),
(413, 1, 3, 212),
(414, 1, 2, 213),
(415, 1, 5, 213),
(416, 1, 9, 213),
(417, 1, 7, 214),
(418, 1, 1, 215),
(419, 1, 2, 215),
(420, 1, 7, 215),
(421, 1, 8, 215),
(422, 1, 9, 215),
(423, 1, 1, 216),
(424, 1, 7, 216),
(425, 1, 10, 216),
(426, 1, 6, 217),
(427, 1, 1, 218),
(428, 1, 2, 218),
(429, 1, 5, 218),
(430, 1, 5, 219),
(431, 1, 2, 220),
(432, 1, 5, 220),
(433, 1, 1, 221),
(434, 1, 2, 221),
(435, 1, 3, 221),
(436, 1, 4, 221),
(437, 1, 5, 221),
(438, 1, 6, 221),
(439, 1, 7, 221),
(440, 1, 8, 221),
(441, 1, 9, 221),
(442, 1, 10, 221),
(443, 1, 11, 221),
(444, 1, 12, 221),
(445, 1, 9, 222),
(446, 1, 10, 222),
(447, 1, 2, 223),
(448, 1, 10, 224),
(449, 1, 4, 225),
(450, 1, 5, 225),
(451, 1, 3, 226),
(452, 1, 7, 227),
(453, 1, 8, 227),
(454, 1, 10, 228),
(455, 1, 1, 229),
(456, 1, 11, 229),
(457, 1, 2, 230),
(458, 1, 8, 230),
(459, 1, 2, 231),
(460, 1, 3, 232),
(461, 1, 4, 232),
(462, 1, 5, 232),
(463, 1, 9, 232),
(464, 1, 10, 232),
(465, 1, 1, 233),
(466, 1, 11, 234),
(467, 1, 7, 235),
(468, 1, 8, 236),
(469, 1, 9, 236),
(470, 1, 11, 237),
(471, 1, 1, 238),
(472, 1, 2, 238),
(473, 1, 7, 239),
(474, 1, 10, 239),
(475, 1, 4, 240),
(476, 1, 5, 240),
(477, 1, 7, 240),
(478, 1, 8, 240),
(479, 1, 9, 240),
(480, 1, 10, 240),
(481, 1, 1, 241),
(482, 1, 2, 241),
(483, 1, 2, 242),
(484, 1, 5, 242),
(485, 1, 3, 243),
(486, 1, 5, 243),
(487, 1, 7, 243),
(488, 1, 11, 243),
(489, 1, 2, 244),
(490, 1, 11, 244),
(491, 1, 1, 245),
(492, 1, 2, 245),
(493, 1, 3, 245),
(494, 1, 7, 246),
(495, 1, 10, 246),
(496, 1, 9, 247),
(497, 1, 1, 248),
(498, 1, 2, 248),
(499, 1, 3, 248),
(500, 1, 12, 249),
(501, 1, 7, 250),
(502, 1, 6, 251),
(503, 1, 1, 252),
(504, 1, 2, 252),
(505, 1, 5, 252),
(506, 1, 7, 252),
(507, 1, 8, 252),
(508, 1, 9, 252),
(509, 1, 7, 253),
(510, 1, 1, 254),
(511, 1, 2, 254),
(512, 1, 1, 255),
(513, 1, 5, 256),
(514, 1, 6, 256),
(515, 1, 7, 257),
(516, 1, 7, 258),
(517, 1, 10, 259),
(518, 1, 2, 260),
(519, 1, 3, 261),
(520, 1, 7, 261),
(521, 1, 11, 261),
(522, 1, 3, 262),
(523, 1, 3, 263),
(524, 1, 7, 264),
(525, 1, 8, 264),
(526, 1, 3, 265),
(527, 1, 10, 265),
(528, 1, 4, 266),
(529, 2, 6, 266),
(530, 1, 8, 267),
(531, 1, 4, 268),
(532, 1, 8, 268),
(533, 1, 10, 268),
(534, 1, 3, 269),
(535, 1, 7, 270),
(536, 2, 10, 270),
(537, 1, 2, 271),
(538, 2, 7, 271),
(539, 1, 2, 272),
(540, 1, 3, 272),
(541, 1, 1, 273),
(542, 1, 11, 274),
(543, 1, 7, 275),
(544, 1, 2, 276),
(545, 1, 2, 277),
(546, 1, 9, 278),
(547, 1, 10, 278),
(548, 1, 1, 279),
(549, 1, 2, 279),
(550, 1, 8, 279),
(551, 1, 9, 279),
(552, 1, 10, 279),
(553, 1, 1, 280),
(554, 1, 9, 280),
(555, 1, 10, 280),
(556, 1, 3, 281),
(557, 1, 5, 281),
(558, 1, 7, 281),
(559, 1, 11, 281),
(560, 1, 1, 282),
(561, 1, 4, 282),
(562, 1, 7, 283),
(563, 1, 9, 283),
(564, 1, 7, 284),
(565, 1, 10, 284),
(566, 1, 1, 285),
(567, 1, 7, 285),
(568, 1, 8, 285),
(569, 1, 9, 285),
(570, 1, 10, 285),
(571, 1, 12, 286),
(572, 1, 7, 287),
(573, 1, 2, 288),
(574, 1, 6, 288),
(575, 1, 7, 289),
(576, 1, 8, 289),
(577, 1, 9, 289),
(578, 1, 1, 290),
(579, 1, 2, 290),
(580, 1, 1, 291),
(581, 1, 2, 298),
(582, 1, 7, 298),
(583, 1, 6, 299),
(584, 1, 3, 300),
(585, 1, 7, 301),
(586, 1, 8, 301),
(587, 1, 1, 302),
(588, 1, 3, 302),
(589, 1, 4, 302),
(590, 1, 11, 302),
(591, 1, 1, 303),
(592, 1, 2, 303),
(593, 1, 2, 304),
(594, 1, 5, 305),
(595, 1, 8, 305),
(596, 1, 8, 306),
(597, 1, 9, 307),
(598, 1, 2, 308),
(599, 1, 9, 309),
(600, 1, 4, 310),
(601, 1, 11, 310),
(602, 1, 7, 311),
(603, 1, 11, 312),
(604, 1, 1, 313),
(605, 1, 7, 313),
(606, 1, 9, 313),
(607, 1, 10, 313),
(608, 1, 1, 314),
(609, 1, 10, 314),
(610, 1, 3, 315),
(611, 1, 4, 315),
(612, 1, 6, 315),
(613, 1, 9, 315),
(614, 1, 2, 316),
(615, 1, 1, 317),
(616, 1, 9, 317),
(617, 1, 10, 317),
(618, 1, 1, 318),
(619, 1, 7, 318),
(620, 1, 8, 318),
(621, 1, 12, 319),
(622, 1, 5, 320),
(623, 1, 7, 320),
(624, 1, 1, 321),
(625, 1, 8, 321),
(626, 1, 9, 322),
(627, 1, 1, 323),
(628, 1, 2, 323),
(629, 1, 6, 323),
(630, 1, 2, 324),
(631, 1, 3, 324),
(632, 1, 10, 325),
(633, 1, 1, 326),
(634, 1, 5, 327),
(635, 1, 7, 327),
(636, 1, 9, 328),
(637, 1, 1, 329),
(638, 1, 1, 330),
(639, 1, 2, 330),
(640, 1, 5, 331),
(641, 1, 1, 332),
(642, 1, 2, 332),
(643, 1, 3, 332),
(644, 1, 4, 332),
(645, 1, 5, 332),
(646, 1, 6, 332),
(647, 1, 7, 332),
(648, 1, 8, 332),
(649, 1, 9, 332),
(650, 1, 10, 332),
(651, 1, 11, 332),
(652, 1, 12, 332),
(653, 1, 3, 333),
(654, 1, 1, 334),
(655, 1, 2, 334),
(656, 1, 3, 334),
(657, 1, 4, 334),
(658, 1, 5, 334),
(659, 1, 6, 334),
(660, 1, 7, 334),
(661, 1, 8, 334),
(662, 1, 9, 334),
(663, 1, 10, 334),
(664, 1, 11, 334),
(665, 1, 12, 334),
(666, 1, 12, 335),
(667, 1, 3, 336),
(668, 1, 11, 336),
(669, 1, 9, 337),
(670, 1, 7, 338),
(671, 1, 11, 338),
(672, 1, 3, 339),
(673, 1, 1, 340),
(674, 1, 2, 340),
(675, 1, 3, 341),
(676, 1, 5, 341),
(677, 1, 1, 342),
(678, 1, 7, 342),
(679, 1, 9, 342),
(680, 1, 4, 343),
(681, 1, 1, 344),
(682, 1, 3, 344),
(683, 1, 9, 344),
(684, 1, 1, 345),
(685, 1, 2, 345),
(686, 1, 3, 345),
(687, 1, 6, 345),
(688, 1, 7, 345),
(689, 1, 8, 345),
(690, 1, 9, 345),
(691, 1, 10, 345),
(692, 1, 1, 346),
(693, 3, 8, 347),
(694, 1, 1, 348),
(695, 1, 3, 348),
(696, 1, 7, 348),
(697, 1, 8, 348),
(698, 1, 1, 349),
(699, 1, 1, 350),
(700, 1, 4, 351),
(701, 1, 7, 351),
(702, 1, 8, 351),
(703, 1, 9, 351),
(704, 1, 10, 351),
(705, 1, 7, 352),
(706, 1, 1, 353),
(707, 1, 9, 354),
(708, 1, 2, 355),
(709, 1, 10, 356),
(710, 1, 1, 357),
(711, 1, 2, 357),
(712, 1, 8, 357),
(713, 1, 12, 357),
(714, 1, 1, 358),
(715, 1, 1, 359),
(716, 1, 2, 359),
(717, 3, 5, 360),
(718, 1, 2, 361),
(719, 1, 1, 362),
(720, 1, 2, 362),
(721, 1, 3, 362),
(722, 1, 4, 362),
(723, 1, 5, 362),
(724, 1, 6, 362),
(725, 1, 7, 362),
(726, 1, 8, 362),
(727, 1, 9, 362),
(728, 1, 10, 362),
(729, 1, 11, 362),
(730, 1, 12, 362),
(731, 1, 1, 363),
(732, 1, 2, 363),
(733, 1, 3, 363),
(734, 1, 4, 363),
(735, 1, 5, 363),
(736, 1, 6, 363),
(737, 1, 7, 363),
(738, 1, 8, 363),
(739, 1, 9, 363),
(740, 1, 10, 363),
(741, 1, 11, 363),
(742, 1, 12, 363),
(743, 1, 8, 364),
(744, 1, 1, 365),
(745, 1, 2, 366),
(746, 1, 12, 367),
(747, 1, 3, 368),
(748, 1, 4, 368),
(749, 1, 10, 368),
(750, 1, 11, 368),
(751, 1, 9, 369),
(752, 1, 1, 370),
(753, 1, 1, 371),
(754, 1, 2, 371),
(755, 1, 9, 372),
(756, 1, 10, 372),
(757, 1, 3, 373),
(758, 1, 1, 374),
(759, 1, 2, 374),
(760, 1, 4, 374),
(761, 1, 7, 374),
(762, 1, 8, 374),
(763, 1, 9, 374),
(764, 1, 10, 374),
(765, 1, 1, 375),
(766, 1, 7, 375),
(767, 1, 8, 375),
(768, 1, 9, 375),
(769, 1, 9, 376),
(770, 1, 1, 377),
(771, 1, 7, 377),
(772, 1, 8, 377),
(773, 1, 9, 377),
(774, 1, 1, 378),
(775, 1, 2, 378),
(776, 1, 1, 379),
(777, 1, 2, 379),
(778, 1, 7, 379),
(779, 1, 9, 379),
(780, 1, 6, 380),
(781, 1, 9, 380),
(782, 1, 11, 380),
(783, 1, 1, 381),
(784, 1, 2, 381),
(785, 3, 5, 381),
(786, 1, 7, 382),
(787, 3, 5, 383),
(788, 1, 7, 384),
(789, 1, 2, 385),
(790, 1, 4, 386),
(791, 1, 9, 386),
(792, 3, 5, 387),
(793, 1, 6, 388),
(794, 1, 1, 389),
(795, 1, 7, 389),
(796, 1, 8, 389),
(797, 1, 10, 390),
(798, 3, 5, 391),
(799, 1, 1, 392),
(800, 1, 8, 393),
(801, 1, 3, 394),
(802, 1, 4, 395),
(803, 1, 7, 395),
(804, 1, 1, 396),
(805, 1, 2, 396),
(806, 1, 7, 396),
(807, 1, 7, 397),
(808, 1, 12, 397),
(809, 1, 1, 398),
(810, 1, 2, 398),
(811, 1, 10, 398),
(812, 1, 3, 399),
(813, 1, 4, 399),
(814, 1, 10, 399),
(815, 1, 11, 399),
(816, 1, 9, 400),
(817, 1, 1, 401),
(818, 1, 2, 401),
(819, 1, 3, 401),
(820, 1, 4, 401),
(821, 3, 5, 401),
(822, 1, 6, 401),
(823, 1, 7, 401),
(824, 1, 8, 401),
(825, 1, 9, 401),
(826, 1, 10, 401),
(827, 1, 11, 401),
(828, 1, 12, 401),
(829, 1, 9, 402),
(830, 1, 4, 403),
(831, 1, 2, 404),
(832, 1, 1, 405),
(833, 1, 2, 406),
(834, 1, 2, 407),
(835, 1, 4, 407),
(836, 1, 7, 407),
(837, 1, 3, 408),
(838, 1, 9, 409),
(839, 1, 3, 410),
(840, 1, 4, 410),
(841, 1, 1, 411),
(842, 1, 2, 411),
(843, 1, 3, 411),
(844, 1, 4, 411),
(845, 1, 12, 411),
(846, 1, 4, 412),
(847, 1, 7, 412),
(848, 1, 1, 413),
(849, 1, 2, 413),
(850, 1, 9, 413),
(851, 1, 6, 414),
(852, 1, 7, 414),
(853, 1, 3, 415),
(854, 1, 1, 416),
(855, 1, 7, 416),
(856, 1, 9, 417),
(857, 1, 1, 418),
(858, 1, 2, 418),
(859, 1, 1, 419),
(860, 1, 7, 419),
(861, 1, 8, 419),
(862, 1, 9, 419),
(863, 1, 1, 420),
(864, 1, 2, 420),
(865, 1, 6, 420),
(866, 1, 7, 420),
(867, 1, 8, 420),
(868, 1, 9, 420),
(869, 1, 1, 421),
(870, 1, 1, 422),
(871, 1, 1, 423),
(872, 1, 2, 423),
(873, 3, 5, 423),
(874, 1, 10, 423),
(875, 1, 7, 424),
(876, 1, 9, 425),
(877, 1, 7, 426),
(878, 3, 5, 427),
(879, 1, 7, 428),
(880, 1, 1, 429),
(881, 1, 2, 429),
(882, 1, 3, 429),
(883, 1, 4, 429),
(884, 3, 5, 429),
(885, 1, 6, 429),
(886, 1, 7, 429),
(887, 1, 8, 429),
(888, 1, 9, 429),
(889, 1, 10, 429),
(890, 1, 11, 429),
(891, 1, 12, 429),
(892, 1, 2, 430),
(893, 1, 4, 430),
(894, 1, 1, 431),
(895, 1, 2, 431),
(896, 1, 3, 431),
(897, 1, 4, 431),
(898, 3, 5, 431),
(899, 1, 6, 431),
(900, 1, 7, 431),
(901, 1, 8, 431),
(902, 1, 9, 431),
(903, 1, 10, 431),
(904, 1, 11, 431),
(905, 1, 12, 431),
(906, 1, 3, 432),
(907, 1, 6, 432),
(908, 1, 3, 433),
(909, 3, 5, 433),
(910, 1, 6, 433),
(911, 1, 10, 433),
(912, 1, 10, 434),
(913, 3, 5, 435),
(914, 3, 5, 436),
(915, 1, 2, 437),
(916, 1, 4, 438),
(917, 3, 5, 438),
(918, 1, 7, 438),
(919, 1, 10, 438),
(920, 1, 2, 439),
(921, 1, 8, 439),
(922, 1, 11, 439),
(923, 1, 1, 440),
(924, 1, 3, 440),
(925, 1, 6, 441),
(926, 1, 1, 442),
(927, 1, 2, 442),
(928, 1, 10, 442),
(929, 1, 1, 443),
(930, 1, 3, 443),
(931, 1, 4, 443),
(932, 1, 10, 443),
(933, 1, 11, 443),
(934, 3, 5, 444),
(935, 1, 4, 445),
(936, 1, 2, 446),
(937, 3, 5, 446),
(938, 1, 7, 447),
(939, 1, 8, 447),
(940, 1, 9, 447),
(941, 1, 10, 447),
(942, 1, 3, 448),
(943, 1, 9, 449),
(944, 1, 7, 450),
(945, 1, 10, 450),
(946, 1, 1, 451),
(947, 1, 6, 451),
(948, 1, 8, 451),
(949, 1, 9, 451),
(950, 1, 10, 451),
(951, 1, 2, 452),
(952, 1, 6, 453),
(953, 1, 7, 453),
(954, 1, 4, 454),
(955, 1, 1, 455),
(956, 1, 1, 456),
(957, 1, 4, 457),
(958, 1, 9, 457),
(959, 1, 1, 458),
(960, 3, 5, 458),
(961, 1, 2, 459),
(962, 1, 7, 459),
(963, 1, 9, 459),
(964, 1, 10, 460),
(965, 1, 4, 461),
(966, 3, 5, 461),
(967, 3, 5, 462),
(968, 1, 3, 463),
(969, 1, 7, 463),
(970, 1, 1, 464),
(971, 1, 7, 464),
(972, 2, 5, 465),
(973, 1, 9, 465),
(974, 1, 3, 466),
(975, 2, 5, 467),
(976, 1, 1, 468),
(977, 1, 2, 468),
(978, 1, 3, 468),
(979, 1, 4, 468),
(980, 2, 5, 468),
(981, 1, 6, 468),
(982, 1, 7, 468),
(983, 1, 8, 468),
(984, 1, 9, 468),
(985, 1, 10, 468),
(986, 1, 11, 468),
(987, 1, 12, 468),
(988, 1, 3, 469),
(989, 2, 5, 469),
(990, 1, 6, 469),
(991, 1, 10, 469),
(992, 1, 2, 470),
(993, 1, 7, 471),
(994, 2, 5, 472),
(995, 1, 2, 473),
(996, 1, 4, 473),
(997, 2, 5, 473),
(998, 1, 1, 474),
(999, 1, 4, 475),
(1000, 3, 5, 475),
(1001, 1, 7, 475),
(1002, 1, 10, 475),
(1003, 1, 2, 476),
(1004, 1, 11, 476),
(1005, 1, 6, 477),
(1006, 1, 1, 478),
(1007, 1, 10, 479),
(1008, 1, 1, 480),
(1009, 1, 3, 480),
(1010, 1, 4, 480),
(1011, 1, 10, 480),
(1012, 1, 11, 480),
(1013, 2, 5, 481),
(1014, 1, 11, 482),
(1015, 1, 9, 483),
(1016, 1, 4, 484),
(1017, 1, 10, 485),
(1018, 2, 5, 486),
(1019, 1, 3, 487),
(1020, 1, 4, 488),
(1021, 1, 9, 488),
(1022, 1, 3, 489),
(1023, 1, 5, 489),
(1024, 1, 6, 489),
(1025, 1, 9, 489),
(1026, 1, 11, 489),
(1027, 1, 2, 490),
(1028, 1, 1, 491),
(1029, 1, 2, 491),
(1030, 1, 3, 491),
(1031, 1, 4, 491),
(1032, 1, 5, 491),
(1033, 1, 6, 491),
(1034, 1, 7, 491),
(1035, 1, 8, 491),
(1036, 1, 9, 491),
(1037, 1, 11, 491),
(1038, 1, 1, 492),
(1039, 1, 9, 492),
(1040, 3, 5, 493),
(1041, 1, 8, 493),
(1042, 1, 6, 494),
(1043, 1, 8, 495),
(1044, 2, 5, 496),
(1045, 2, 5, 497),
(1046, 1, 1, 498),
(1047, 1, 2, 498),
(1048, 1, 10, 499),
(1049, 1, 1, 500),
(1050, 1, 2, 500),
(1051, 1, 1, 501),
(1052, 1, 2, 501),
(1053, 1, 9, 501),
(1054, 2, 5, 502),
(1055, 1, 2, 503),
(1056, 2, 5, 503),
(1057, 1, 2, 504),
(1058, 1, 7, 504),
(1059, 2, 5, 505),
(1060, 1, 2, 506),
(1061, 1, 1, 507),
(1062, 2, 5, 508),
(1063, 1, 1, 509),
(1064, 1, 10, 510),
(1065, 1, 7, 511),
(1066, 1, 10, 511),
(1067, 1, 1, 512),
(1068, 1, 3, 512),
(1069, 1, 4, 512),
(1070, 1, 10, 512),
(1071, 1, 11, 512),
(1072, 1, 4, 513),
(1073, 1, 1, 514),
(1074, 2, 5, 514),
(1075, 1, 1, 515),
(1076, 1, 2, 515),
(1077, 1, 9, 515),
(1078, 1, 10, 515),
(1079, 1, 5, 516),
(1080, 1, 9, 517),
(1081, 1, 4, 518),
(1082, 1, 9, 518),
(1083, 1, 3, 519),
(1084, 1, 5, 519),
(1085, 1, 6, 519),
(1086, 1, 9, 519),
(1087, 1, 11, 519),
(1088, 1, 2, 520),
(1089, 1, 7, 521),
(1090, 1, 4, 522),
(1091, 1, 6, 523),
(1092, 1, 7, 523),
(1093, 1, 9, 523),
(1094, 1, 10, 523),
(1095, 2, 5, 524),
(1096, 1, 1, 525),
(1097, 1, 2, 526),
(1098, 1, 11, 527),
(1099, 2, 5, 528),
(1100, 1, 4, 529),
(1101, 1, 5, 529),
(1102, 1, 2, 530),
(1103, 1, 2, 531),
(1104, 1, 8, 531),
(1105, 1, 2, 532),
(1106, 1, 4, 533),
(1107, 2, 5, 534),
(1108, 1, 2, 535),
(1109, 2, 5, 535),
(1110, 1, 1, 536),
(1111, 1, 2, 537),
(1112, 1, 3, 537),
(1113, 1, 4, 537),
(1114, 1, 5, 537),
(1115, 1, 7, 537),
(1116, 1, 2, 538),
(1117, 1, 1, 539),
(1118, 1, 1, 540),
(1119, 1, 2, 540),
(1120, 1, 12, 540),
(1121, 1, 1, 541),
(1122, 1, 4, 541),
(1123, 1, 8, 541),
(1124, 1, 7, 542),
(1125, 1, 7, 543),
(1126, 1, 10, 543),
(1127, 1, 1, 544),
(1128, 1, 3, 544),
(1129, 1, 4, 544),
(1130, 1, 10, 544),
(1131, 1, 11, 544),
(1132, 1, 10, 545),
(1133, 1, 10, 546),
(1134, 1, 11, 547),
(1135, 1, 10, 548),
(1136, 1, 11, 548),
(1137, 1, 1, 549),
(1138, 1, 2, 549),
(1139, 1, 9, 549),
(1140, 1, 10, 549),
(1141, 1, 9, 550),
(1142, 1, 5, 551),
(1143, 1, 3, 552),
(1144, 1, 5, 552),
(1145, 1, 6, 552),
(1146, 1, 9, 552),
(1147, 1, 11, 552),
(1148, 1, 2, 553),
(1149, 1, 9, 554),
(1150, 1, 2, 555),
(1151, 1, 2, 556),
(1152, 1, 7, 556),
(1153, 1, 9, 556),
(1154, 1, 8, 557),
(1155, 1, 8, 558),
(1156, 1, 2, 558),
(1157, 1, 12, 559),
(1158, 1, 7, 560),
(1159, 1, 1, 561),
(1160, 1, 1, 562),
(1161, 3, 6, 562),
(1162, 1, 7, 562),
(1163, 1, 9, 562),
(1164, 1, 11, 562),
(1165, 1, 1, 563),
(1166, 1, 2, 564),
(1167, 1, 9, 564),
(1168, 1, 2, 565),
(1169, 1, 5, 565),
(1170, 1, 1, 566),
(1171, 1, 2, 566),
(1172, 1, 7, 566),
(1173, 1, 1, 567),
(1174, 1, 2, 567),
(1175, 1, 3, 568),
(1176, 2, 5, 568),
(1177, 1, 1, 569),
(1178, 1, 2, 569),
(1179, 1, 3, 569),
(1180, 1, 7, 569),
(1181, 1, 9, 569),
(1182, 1, 10, 569),
(1183, 1, 8, 570),
(1184, 1, 2, 571),
(1185, 1, 3, 571),
(1186, 1, 9, 571),
(1187, 1, 5, 572),
(1188, 1, 8, 572),
(1189, 1, 7, 573),
(1190, 1, 7, 574),
(1191, 1, 10, 574),
(1192, 1, 1, 575),
(1193, 1, 2, 575),
(1194, 1, 3, 575),
(1195, 1, 10, 575),
(1196, 1, 11, 575),
(1197, 1, 5, 576),
(1198, 1, 8, 577),
(1199, 1, 3, 578),
(1200, 1, 5, 578),
(1201, 1, 9, 578),
(1202, 1, 11, 579),
(1203, 1, 1, 580),
(1204, 1, 11, 580),
(1205, 1, 5, 581),
(1206, 1, 7, 581),
(1207, 1, 9, 581),
(1208, 1, 7, 582),
(1209, 1, 9, 583),
(1210, 1, 5, 584),
(1211, 1, 7, 584),
(1212, 1, 3, 585),
(1213, 1, 5, 585),
(1214, 1, 6, 585),
(1215, 1, 9, 585),
(1216, 1, 11, 585),
(1217, 1, 2, 586),
(1218, 1, 2, 587),
(1219, 1, 2, 588),
(1220, 1, 4, 588),
(1221, 1, 7, 588),
(1222, 1, 8, 588),
(1223, 1, 9, 588),
(1224, 1, 10, 588),
(1225, 1, 11, 588),
(1226, 1, 8, 589),
(1227, 1, 9, 589),
(1228, 1, 1, 590),
(1229, 1, 2, 590),
(1230, 1, 9, 590),
(1231, 1, 9, 591),
(1232, 1, 8, 592),
(1233, 1, 2, 593),
(1234, 1, 8, 594),
(1235, 1, 7, 595),
(1236, 1, 1, 596),
(1237, 1, 3, 596),
(1238, 1, 9, 596),
(1239, 1, 1, 597),
(1240, 1, 1, 598),
(1241, 3, 6, 598),
(1242, 1, 7, 598),
(1243, 1, 9, 598),
(1244, 1, 11, 598),
(1245, 1, 9, 599),
(1246, 1, 2, 600),
(1247, 1, 1, 601),
(1248, 1, 2, 601),
(1249, 1, 7, 601),
(1250, 1, 1, 602),
(1251, 1, 9, 602),
(1252, 1, 10, 602),
(1253, 1, 1, 603),
(1254, 1, 2, 603),
(1255, 3, 6, 603),
(1256, 1, 3, 604),
(1257, 1, 1, 605),
(1258, 1, 2, 605),
(1259, 1, 1, 606),
(1260, 1, 2, 606),
(1261, 1, 3, 606),
(1262, 1, 8, 607),
(1263, 2, 5, 604),
(1264, 1, 4, 608),
(1265, 1, 5, 608),
(1266, 1, 7, 608),
(1267, 1, 2, 609),
(1268, 1, 3, 609),
(1269, 1, 9, 609),
(1270, 1, 11, 610),
(1271, 3, 6, 611),
(1272, 1, 8, 612),
(1273, 3, 6, 613),
(1274, 1, 3, 614),
(1275, 1, 5, 614),
(1276, 1, 9, 614),
(1277, 1, 11, 615),
(1278, 1, 1, 616),
(1279, 1, 2, 617),
(1280, 1, 7, 617),
(1281, 1, 3, 618),
(1282, 1, 1, 619),
(1283, 1, 3, 620),
(1284, 1, 5, 620),
(1285, 3, 6, 620),
(1286, 1, 7, 620),
(1287, 1, 9, 620),
(1288, 1, 3, 621),
(1289, 1, 5, 621),
(1290, 1, 6, 621),
(1291, 1, 9, 621),
(1292, 1, 11, 621),
(1293, 1, 5, 622),
(1294, 1, 7, 622),
(1295, 1, 2, 623),
(1296, 1, 7, 623),
(1297, 1, 9, 623),
(1298, 1, 9, 624),
(1299, 1, 11, 625),
(1300, 1, 12, 625),
(1301, 1, 2, 626),
(1302, 1, 8, 626),
(1303, 1, 1, 627),
(1304, 1, 9, 628),
(1305, 1, 7, 629),
(1306, 2, 6, 630),
(1307, 3, 12, 630),
(1308, 1, 6, 631),
(1309, 3, 6, 632),
(1310, 1, 9, 632),
(1311, 1, 2, 633),
(1312, 2, 6, 633),
(1313, 2, 6, 634),
(1314, 1, 1, 635),
(1315, 2, 6, 635),
(1316, 1, 4, 636),
(1317, 1, 9, 636),
(1318, 1, 4, 637),
(1319, 1, 7, 637),
(1320, 1, 1, 638),
(1321, 1, 2, 638),
(1322, 1, 9, 638),
(1323, 1, 10, 638),
(1324, 1, 11, 639),
(1325, 1, 2, 640),
(1326, 2, 6, 640),
(1327, 1, 9, 640),
(1328, 1, 8, 641),
(1329, 3, 6, 642),
(1330, 1, 1, 643),
(1331, 1, 7, 644),
(1332, 1, 9, 644),
(1333, 1, 1, 645),
(1334, 1, 2, 646),
(1335, 1, 3, 646),
(1336, 1, 8, 647),
(1337, 1, 6, 648),
(1338, 2, 6, 649),
(1339, 1, 4, 650),
(1340, 1, 5, 650),
(1341, 3, 6, 650),
(1342, 1, 9, 650),
(1343, 1, 11, 650),
(1344, 1, 7, 651),
(1345, 1, 5, 652),
(1346, 1, 7, 652),
(1347, 1, 2, 653),
(1348, 1, 4, 653),
(1349, 1, 7, 653),
(1350, 1, 8, 653),
(1351, 1, 1, 654),
(1352, 1, 6, 654),
(1353, 1, 2, 655),
(1354, 1, 7, 655),
(1355, 1, 8, 655),
(1356, 1, 9, 655),
(1357, 1, 3, 656),
(1358, 1, 10, 656),
(1359, 1, 11, 656),
(1360, 1, 12, 656),
(1361, 1, 2, 657),
(1362, 1, 6, 657),
(1363, 1, 7, 657),
(1364, 1, 6, 658),
(1365, 1, 1, 659),
(1366, 1, 4, 659),
(1367, 1, 7, 659),
(1368, 1, 8, 659),
(1369, 3, 6, 660),
(1370, 3, 6, 661),
(1371, 1, 2, 662),
(1372, 1, 4, 662),
(1373, 1, 5, 662),
(1374, 3, 6, 662),
(1375, 1, 7, 662),
(1376, 1, 9, 662),
(1377, 1, 2, 663),
(1378, 1, 2, 664),
(1379, 3, 6, 665),
(1380, 1, 2, 666),
(1381, 3, 6, 667),
(1382, 3, 6, 668),
(1383, 1, 2, 669),
(1384, 1, 12, 669),
(1385, 1, 1, 670),
(1386, 3, 6, 670),
(1387, 2, 5, 671),
(1388, 1, 2, 672),
(1389, 1, 5, 672),
(1390, 1, 9, 672),
(1391, 1, 10, 672),
(1392, 1, 11, 673),
(1393, 3, 6, 674),
(1394, 3, 6, 675),
(1395, 1, 1, 676),
(1396, 1, 2, 677),
(1397, 3, 6, 677),
(1398, 1, 5, 678),
(1399, 3, 6, 678),
(1400, 1, 8, 678),
(1401, 1, 12, 678),
(1402, 1, 3, 679),
(1403, 1, 5, 679),
(1404, 1, 6, 679),
(1405, 1, 9, 679),
(1406, 1, 11, 679),
(1407, 1, 4, 680),
(1408, 1, 2, 681),
(1409, 3, 6, 681),
(1410, 1, 8, 681),
(1411, 1, 10, 681),
(1412, 1, 2, 682),
(1413, 1, 5, 682),
(1414, 1, 7, 682),
(1415, 1, 9, 682),
(1416, 1, 3, 683),
(1417, 1, 9, 683),
(1418, 1, 10, 683),
(1419, 1, 11, 683),
(1420, 1, 12, 683),
(1421, 3, 6, 684),
(1422, 1, 2, 685),
(1423, 1, 9, 685),
(1424, 1, 10, 685),
(1425, 1, 3, 686),
(1426, 3, 6, 686),
(1427, 1, 1, 687),
(1428, 1, 4, 687),
(1429, 1, 7, 687),
(1430, 1, 8, 687),
(1431, 3, 6, 688),
(1432, 3, 6, 689),
(1433, 1, 2, 690),
(1434, 1, 4, 690),
(1435, 1, 5, 690),
(1436, 3, 6, 690),
(1437, 1, 7, 690),
(1438, 1, 9, 690),
(1439, 1, 2, 691),
(1440, 1, 2, 692),
(1441, 3, 6, 693),
(1442, 1, 2, 694),
(1443, 3, 6, 695),
(1444, 3, 6, 696),
(1445, 1, 2, 697),
(1446, 1, 12, 697),
(1447, 1, 1, 698),
(1448, 3, 6, 698),
(1449, 2, 5, 699),
(1450, 1, 2, 700),
(1451, 1, 5, 700),
(1452, 1, 9, 700),
(1453, 1, 10, 700),
(1454, 1, 11, 701),
(1455, 3, 6, 702),
(1456, 3, 6, 703),
(1457, 1, 1, 704),
(1458, 1, 2, 705),
(1459, 3, 6, 705),
(1460, 1, 5, 706),
(1461, 3, 6, 706),
(1462, 1, 8, 706),
(1463, 1, 12, 706),
(1464, 1, 3, 707),
(1465, 1, 4, 707),
(1466, 1, 5, 707),
(1467, 1, 6, 707),
(1468, 1, 9, 707),
(1469, 1, 4, 708),
(1470, 1, 2, 709),
(1471, 3, 6, 709),
(1472, 1, 8, 709),
(1473, 1, 10, 709),
(1474, 1, 2, 710),
(1475, 1, 5, 710),
(1476, 1, 7, 710),
(1477, 1, 9, 710),
(1478, 1, 3, 711),
(1479, 1, 9, 711),
(1480, 1, 10, 711),
(1481, 1, 11, 711),
(1482, 1, 12, 711),
(1483, 3, 6, 712),
(1484, 1, 2, 713),
(1485, 1, 9, 713),
(1486, 1, 10, 713),
(1487, 1, 3, 714),
(1488, 3, 6, 714),
(1489, 2, 6, 715),
(1490, 3, 12, 715),
(1491, 1, 2, 716),
(1492, 2, 6, 717),
(1493, 1, 2, 718),
(1494, 2, 6, 718),
(1495, 1, 2, 719),
(1496, 2, 6, 720),
(1497, 1, 1, 721),
(1498, 1, 2, 721),
(1499, 2, 6, 721),
(1500, 1, 7, 721),
(1501, 1, 10, 721),
(1502, 3, 12, 721),
(1503, 2, 6, 722),
(1504, 1, 1, 723),
(1505, 3, 6, 723),
(1506, 2, 5, 724),
(1507, 1, 1, 725),
(1508, 1, 4, 725),
(1509, 1, 11, 725),
(1510, 2, 6, 726),
(1511, 2, 6, 727),
(1512, 1, 1, 728),
(1513, 1, 1, 729),
(1514, 2, 6, 730),
(1515, 1, 5, 731),
(1516, 3, 6, 731),
(1517, 1, 8, 731),
(1518, 1, 12, 731),
(1519, 1, 3, 732),
(1520, 1, 5, 732),
(1521, 1, 6, 732),
(1522, 1, 9, 732),
(1523, 1, 11, 732),
(1524, 2, 6, 733),
(1525, 1, 9, 734),
(1526, 1, 2, 735),
(1527, 1, 7, 735),
(1528, 1, 8, 735),
(1529, 1, 9, 735),
(1530, 1, 2, 736),
(1531, 1, 5, 736),
(1532, 1, 7, 736),
(1533, 1, 9, 736),
(1534, 1, 1, 737),
(1535, 1, 2, 737),
(1536, 1, 3, 737),
(1537, 1, 4, 737),
(1538, 1, 5, 737),
(1539, 2, 6, 737),
(1540, 1, 7, 737),
(1541, 1, 8, 737),
(1542, 1, 9, 737),
(1543, 1, 10, 737),
(1544, 1, 11, 737),
(1545, 1, 12, 737),
(1546, 1, 1, 738),
(1547, 2, 6, 739),
(1548, 1, 8, 740),
(1549, 1, 2, 741),
(1550, 1, 7, 742),
(1551, 1, 6, 743),
(1552, 1, 9, 743),
(1553, 1, 11, 743),
(1554, 3, 12, 744),
(1555, 1, 2, 745),
(1556, 2, 6, 745),
(1557, 1, 2, 746),
(1558, 1, 9, 746),
(1559, 2, 6, 747),
(1560, 1, 2, 748),
(1561, 1, 6, 748),
(1562, 3, 12, 748),
(1563, 2, 6, 749),
(1564, 1, 2, 750),
(1565, 1, 2, 751),
(1566, 2, 6, 751),
(1567, 1, 9, 751),
(1568, 1, 5, 752),
(1569, 1, 2, 753),
(1570, 1, 9, 753),
(1571, 1, 10, 753),
(1572, 1, 11, 753),
(1573, 1, 4, 754),
(1574, 2, 11, 754),
(1575, 1, 3, 755),
(1576, 2, 6, 756),
(1577, 1, 1, 757),
(1578, 1, 6, 758),
(1579, 1, 7, 758),
(1580, 1, 8, 758),
(1581, 1, 11, 758),
(1582, 1, 1, 759),
(1583, 1, 5, 760),
(1584, 1, 5, 761),
(1585, 1, 8, 761),
(1586, 2, 6, 762),
(1587, 1, 5, 763),
(1588, 3, 6, 763),
(1589, 1, 8, 763),
(1590, 1, 12, 763),
(1591, 1, 3, 764),
(1592, 1, 4, 764),
(1593, 1, 5, 764),
(1594, 1, 6, 764),
(1595, 1, 9, 764),
(1596, 1, 7, 765),
(1597, 1, 8, 765),
(1598, 1, 9, 765),
(1599, 1, 1, 766),
(1600, 1, 3, 766),
(1601, 1, 4, 766),
(1602, 1, 6, 766),
(1603, 1, 7, 766),
(1604, 1, 9, 766),
(1605, 1, 10, 766),
(1606, 1, 1, 767),
(1607, 1, 8, 768),
(1608, 1, 2, 769),
(1609, 1, 7, 770),
(1610, 1, 1, 771),
(1611, 3, 12, 772),
(1612, 1, 2, 773),
(1613, 1, 11, 773),
(1614, 1, 1, 774),
(1615, 1, 2, 774),
(1616, 1, 3, 774),
(1617, 1, 4, 774),
(1618, 1, 5, 774),
(1619, 1, 6, 774),
(1620, 1, 7, 774),
(1621, 1, 8, 774),
(1622, 1, 9, 774),
(1623, 1, 11, 774),
(1624, 1, 12, 774),
(1625, 3, 12, 775),
(1626, 1, 2, 776),
(1627, 1, 4, 776),
(1628, 1, 1, 777),
(1629, 1, 4, 778),
(1630, 1, 4, 779),
(1631, 1, 2, 780),
(1632, 1, 8, 780),
(1633, 1, 10, 780),
(1634, 1, 11, 781),
(1635, 1, 2, 782),
(1636, 1, 3, 783),
(1637, 1, 11, 784),
(1638, 1, 3, 785),
(1639, 1, 11, 786),
(1640, 1, 1, 787),
(1641, 1, 1, 788),
(1642, 1, 6, 788),
(1643, 1, 5, 789),
(1644, 1, 5, 790),
(1645, 3, 6, 790),
(1646, 1, 8, 790),
(1647, 1, 12, 790),
(1648, 1, 3, 791),
(1649, 1, 5, 791),
(1650, 1, 6, 791),
(1651, 1, 9, 791),
(1652, 1, 11, 791),
(1653, 1, 1, 792),
(1654, 1, 2, 792),
(1655, 1, 1, 793),
(1656, 1, 2, 793),
(1657, 1, 11, 793),
(1658, 1, 1, 794),
(1659, 1, 7, 794),
(1660, 1, 7, 795),
(1661, 1, 8, 795),
(1662, 1, 1, 796),
(1663, 1, 4, 796),
(1664, 3, 12, 797),
(1665, 1, 1, 798),
(1666, 1, 2, 798),
(1667, 1, 3, 798),
(1668, 1, 8, 798),
(1669, 1, 3, 799),
(1670, 1, 9, 799),
(1671, 1, 7, 800),
(1672, 1, 6, 801),
(1673, 1, 7, 801),
(1674, 1, 1, 802),
(1675, 1, 1, 803),
(1676, 3, 12, 804),
(1677, 1, 1, 805),
(1678, 1, 2, 806),
(1679, 1, 11, 806),
(1680, 1, 2, 807),
(1681, 1, 1, 808),
(1682, 1, 1, 809),
(1683, 1, 2, 809),
(1684, 1, 3, 809),
(1685, 1, 4, 809),
(1686, 1, 5, 809),
(1687, 1, 6, 809),
(1688, 1, 7, 809),
(1689, 1, 8, 809),
(1690, 1, 9, 809),
(1691, 1, 11, 809),
(1692, 1, 12, 809),
(1693, 3, 12, 810),
(1694, 1, 1, 811),
(1695, 1, 6, 811),
(1696, 1, 3, 812),
(1697, 1, 6, 813),
(1698, 1, 7, 813),
(1699, 1, 5, 814),
(1700, 1, 6, 814),
(1701, 1, 7, 815),
(1702, 1, 11, 816),
(1703, 1, 1, 817),
(1704, 1, 2, 817),
(1705, 1, 4, 817),
(1706, 1, 5, 817),
(1707, 1, 6, 817),
(1708, 1, 7, 817),
(1709, 1, 8, 817),
(1710, 1, 9, 817),
(1711, 1, 10, 817),
(1712, 1, 11, 818),
(1713, 1, 1, 819),
(1714, 1, 2, 819),
(1715, 1, 7, 819),
(1716, 1, 8, 819),
(1717, 1, 1, 820),
(1718, 1, 6, 820),
(1719, 1, 10, 820),
(1720, 1, 1, 821),
(1721, 1, 1, 822),
(1722, 1, 5, 822),
(1723, 1, 5, 823),
(1724, 1, 8, 823),
(1725, 1, 12, 823),
(1726, 1, 1, 824),
(1727, 1, 2, 824),
(1728, 1, 3, 824),
(1729, 1, 4, 824),
(1730, 1, 5, 824),
(1731, 1, 6, 824),
(1732, 1, 8, 824),
(1733, 1, 11, 824),
(1734, 1, 1, 825),
(1735, 1, 2, 825),
(1736, 1, 9, 825),
(1737, 1, 1, 826),
(1738, 1, 11, 826),
(1739, 3, 12, 827),
(1740, 1, 3, 828),
(1741, 1, 1, 829),
(1742, 1, 6, 830),
(1743, 1, 7, 830),
(1744, 1, 8, 831),
(1745, 1, 10, 831),
(1746, 1, 7, 832),
(1747, 1, 6, 833),
(1748, 1, 10, 833),
(1749, 3, 12, 834),
(1750, 1, 1, 835),
(1751, 1, 3, 836),
(1752, 1, 7, 836),
(1753, 1, 2, 837),
(1754, 1, 11, 837),
(1755, 3, 12, 838),
(1756, 1, 2, 839),
(1757, 3, 12, 840),
(1758, 1, 1, 841),
(1759, 1, 9, 841),
(1760, 1, 3, 842),
(1761, 1, 3, 843),
(1762, 1, 6, 844),
(1763, 1, 7, 844),
(1764, 1, 5, 845),
(1765, 1, 10, 846),
(1766, 1, 7, 847),
(1767, 1, 1, 848),
(1768, 1, 2, 848),
(1769, 1, 4, 848),
(1770, 1, 5, 848),
(1771, 1, 6, 848),
(1772, 1, 7, 848),
(1773, 1, 8, 848),
(1774, 1, 9, 848),
(1775, 1, 10, 848),
(1776, 1, 11, 849),
(1777, 1, 1, 850),
(1778, 1, 2, 850),
(1779, 1, 7, 850),
(1780, 1, 8, 850),
(1781, 1, 10, 850),
(1782, 1, 5, 851),
(1783, 1, 6, 851),
(1784, 1, 8, 851),
(1785, 1, 8, 852),
(1786, 1, 10, 852),
(1787, 1, 1, 853),
(1788, 1, 5, 853),
(1789, 1, 5, 854),
(1790, 1, 8, 854),
(1791, 1, 9, 854),
(1792, 1, 12, 854),
(1793, 1, 4, 855),
(1794, 1, 7, 855),
(1795, 1, 9, 856),
(1796, 1, 7, 857),
(1797, 1, 1, 858),
(1798, 1, 2, 858),
(1799, 1, 11, 858),
(1800, 1, 7, 859),
(1801, 1, 8, 859),
(1802, 3, 12, 860),
(1803, 1, 11, 861),
(1804, 1, 12, 862),
(1805, 1, 4, 863),
(1806, 1, 10, 864),
(1807, 1, 4, 865),
(1808, 1, 7, 866),
(1809, 1, 8, 866),
(1810, 1, 2, 867),
(1811, 1, 5, 868),
(1812, 1, 6, 868),
(1813, 3, 12, 868),
(1814, 1, 1, 869),
(1815, 1, 3, 870),
(1816, 1, 1, 871),
(1817, 1, 7, 871),
(1818, 1, 1, 872),
(1819, 1, 11, 872),
(1820, 3, 12, 872),
(1821, 3, 12, 873),
(1822, 1, 2, 874),
(1823, 1, 9, 874),
(1824, 1, 9, 875),
(1825, 3, 12, 876),
(1826, 3, 12, 877),
(1827, 1, 1, 878),
(1828, 1, 2, 878),
(1829, 1, 1, 879),
(1830, 1, 8, 879),
(1831, 1, 1, 880),
(1832, 1, 2, 881),
(1833, 1, 7, 881),
(1834, 1, 3, 882),
(1835, 1, 6, 882),
(1836, 1, 10, 883),
(1837, 1, 5, 884),
(1838, 1, 7, 885),
(1839, 1, 11, 886),
(1840, 1, 10, 887),
(1841, 1, 5, 888),
(1842, 1, 8, 888),
(1843, 1, 1, 889),
(1844, 1, 5, 889),
(1845, 1, 2, 890),
(1846, 1, 3, 890),
(1847, 1, 8, 890),
(1848, 1, 10, 890),
(1849, 1, 11, 890),
(1850, 1, 4, 891),
(1851, 1, 7, 891),
(1852, 1, 9, 892),
(1853, 1, 7, 893),
(1854, 1, 8, 893),
(1855, 1, 2, 894),
(1856, 1, 4, 894),
(1857, 1, 6, 894),
(1858, 1, 4, 895),
(1859, 1, 7, 896),
(1860, 1, 1, 897),
(1861, 3, 12, 898),
(1862, 1, 8, 899),
(1863, 3, 12, 900),
(1864, 1, 3, 901),
(1865, 1, 6, 901),
(1866, 1, 9, 901),
(1887, 1, 8, 920),
(1888, 1, 4, 921),
(1889, 1, 6, 921),
(1890, 3, 12, 921),
(1891, 1, 1, 922),
(1893, 1, 1, 924),
(1894, 1, 7, 924),
(1895, 1, 1, 925),
(1896, 1, 11, 925),
(1897, 3, 12, 925),
(1898, 3, 12, 926),
(1899, 1, 9, 927),
(1900, 3, 12, 928),
(1901, 3, 12, 929),
(1902, 1, 2, 930),
(1903, 1, 4, 930),
(1904, 1, 5, 930),
(1905, 1, 10, 930),
(1906, 1, 2, 931),
(1907, 1, 7, 931),
(1908, 1, 6, 932),
(1909, 3, 12, 933),
(1910, 1, 1, 934),
(1911, 1, 11, 934),
(1912, 1, 7, 935),
(1913, 1, 5, 936),
(1914, 1, 6, 936),
(1915, 1, 8, 936),
(1916, 1, 1, 937),
(1917, 1, 3, 938),
(1918, 1, 1, 939),
(1919, 1, 4, 939),
(1920, 1, 5, 939),
(1921, 1, 1, 940),
(1922, 1, 2, 941),
(1923, 1, 10, 941),
(1924, 1, 11, 941),
(1925, 1, 7, 942),
(1926, 1, 8, 942),
(1927, 1, 9, 942),
(1928, 1, 8, 943),
(1929, 1, 1, 944),
(1930, 1, 12, 945),
(1931, 1, 1, 946),
(1932, 1, 8, 946),
(1933, 1, 12, 947),
(1934, 1, 3, 948),
(1935, 1, 6, 948),
(1936, 1, 9, 948),
(1937, 1, 2, 949),
(1938, 1, 4, 950),
(1939, 1, 8, 951),
(1940, 1, 3, 952),
(1941, 1, 5, 953),
(1942, 1, 1, 954),
(1943, 1, 9, 954),
(1944, 1, 4, 955),
(1945, 1, 12, 955),
(1946, 1, 2, 956),
(1947, 1, 1, 957),
(1948, 1, 1, 958),
(1949, 1, 7, 958),
(1950, 1, 2, 959),
(1951, 1, 11, 959),
(1952, 3, 12, 959),
(1953, 1, 11, 960),
(1954, 3, 12, 960),
(1955, 1, 1, 961),
(1956, 3, 12, 962),
(1957, 3, 12, 963),
(1958, 1, 1, 964),
(1959, 1, 2, 964),
(1960, 1, 3, 965),
(1961, 1, 4, 966),
(1962, 1, 8, 966),
(1963, 1, 4, 967),
(1964, 1, 5, 967),
(1965, 1, 9, 967),
(1966, 1, 10, 967),
(1967, 3, 12, 968),
(1968, 1, 11, 969),
(1969, 1, 7, 970),
(1970, 1, 8, 970),
(1971, 1, 7, 971),
(1972, 1, 1, 972),
(1973, 1, 5, 972),
(1974, 1, 2, 973),
(1975, 1, 4, 973),
(1976, 1, 5, 973),
(1977, 1, 2, 974),
(1978, 1, 4, 974),
(1979, 1, 5, 974),
(1980, 1, 8, 974),
(1981, 1, 11, 974),
(1982, 1, 1, 975),
(1983, 1, 2, 975),
(1984, 1, 7, 976),
(1985, 1, 8, 976),
(1986, 1, 9, 976),
(1987, 1, 1, 977),
(1988, 3, 12, 978),
(1989, 1, 1, 979),
(1990, 1, 2, 979),
(1991, 1, 10, 979),
(1992, 3, 12, 980),
(1993, 1, 4, 981),
(1994, 1, 6, 982),
(1995, 1, 8, 982),
(1996, 3, 12, 983),
(1997, 1, 2, 984),
(1998, 1, 8, 985),
(1999, 1, 2, 986),
(2000, 1, 11, 986),
(2001, 3, 12, 986),
(2002, 3, 12, 987),
(2003, 1, 2, 988),
(2004, 1, 2, 989),
(2005, 1, 4, 989),
(2006, 3, 12, 990),
(2007, 3, 12, 991),
(2008, 1, 2, 992),
(2009, 3, 12, 993),
(2010, 2, 1, 994),
(2011, 2, 2, 994),
(2012, 2, 4, 994),
(2013, 2, 5, 994),
(2014, 1, 7, 994),
(2015, 1, 2, 995),
(2016, 1, 5, 995),
(2017, 1, 8, 996),
(2018, 1, 4, 997),
(2019, 1, 5, 997),
(2020, 1, 9, 997),
(2021, 1, 10, 997),
(2022, 3, 12, 998),
(2023, 1, 11, 999),
(2024, 1, 3, 1000),
(2025, 1, 7, 1000),
(2026, 1, 6, 1001),
(2027, 1, 8, 1001),
(2028, 1, 2, 1002),
(2029, 1, 1, 1003),
(2030, 1, 2, 1003),
(2031, 1, 5, 1003),
(2032, 1, 7, 1003),
(2033, 1, 2, 1004),
(2034, 1, 4, 1004),
(2035, 1, 5, 1004),
(2036, 1, 8, 1004),
(2037, 1, 11, 1004),
(2038, 1, 1, 1005),
(2039, 1, 4, 1005),
(2040, 1, 7, 1005),
(2041, 1, 8, 1005),
(2042, 1, 9, 1005),
(2043, 1, 10, 1005),
(2044, 1, 11, 1005),
(2045, 1, 3, 1006),
(2046, 1, 7, 1006),
(2047, 1, 1, 1007),
(2048, 3, 12, 1008),
(2049, 3, 12, 1009),
(2050, 1, 3, 1010),
(2091, 1, 1, 1036),
(2092, 1, 8, 1036),
(2093, 1, 2, 1037),
(2094, 1, 4, 1038),
(2095, 1, 6, 1038),
(2096, 1, 7, 1038),
(2097, 1, 8, 1038),
(2098, 1, 10, 1038),
(2099, 3, 12, 1038),
(2100, 3, 12, 1039),
(2101, 1, 3, 1040),
(2102, 1, 10, 1040),
(2103, 1, 1, 1041),
(2104, 1, 7, 1041),
(2105, 1, 3, 1042),
(2106, 1, 4, 1043),
(2107, 1, 9, 1044),
(2108, 1, 2, 1045),
(2109, 1, 2, 1046),
(2110, 1, 1, 1047),
(2111, 1, 7, 1048),
(2112, 1, 4, 1049),
(2113, 1, 5, 1049),
(2114, 1, 7, 1050),
(2115, 1, 9, 1051),
(2116, 1, 6, 1052),
(2117, 1, 8, 1052);

-- --------------------------------------------------------

--
-- Estructura de tabla para la tabla `tipo`
--

CREATE TABLE `tipo` (
  `t_id` int(11) NOT NULL,
  `t_tipo` varchar(45) NOT NULL
) ENGINE=InnoDB DEFAULT CHARSET=utf8;

--
-- Volcado de datos para la tabla `tipo`
--

INSERT INTO `tipo` (`t_id`, `t_tipo`) VALUES
(1, 'Usuario'),
(2, 'Administrador');

-- --------------------------------------------------------

--
-- Estructura de tabla para la tabla `usuario`
--

CREATE TABLE `usuario` (
  `u_id` int(11) NOT NULL,
  `u_nombre` varchar(45) NOT NULL,
  `u_username` varchar(45) NOT NULL,
  `u_password` varchar(15) NOT NULL,
  `fk_tipo` int(11) NOT NULL
) ENGINE=InnoDB DEFAULT CHARSET=utf8;

--
-- Volcado de datos para la tabla `usuario`
--

INSERT INTO `usuario` (`u_id`, `u_nombre`, `u_username`, `u_password`, `fk_tipo`) VALUES
(2, 'Lorenz Alvarado', 'MINIBAR', '2018', 1);

--
-- Índices para tablas volcadas
--

--
-- Indices de la tabla `estado`
--
ALTER TABLE `estado`
  ADD PRIMARY KEY (`e_id`),
  ADD UNIQUE KEY `e_sigla_UNIQUE` (`e_sigla`);

--
-- Indices de la tabla `evaluacion`
--
ALTER TABLE `evaluacion`
  ADD PRIMARY KEY (`ev_id`);

--
-- Indices de la tabla `frigobar`
--
ALTER TABLE `frigobar`
  ADD PRIMARY KEY (`f_id`),
  ADD KEY `fk_registro_idx` (`fk_registro`),
  ADD KEY `fk_evaluacion_idx` (`fk_evaluacion`);

--
-- Indices de la tabla `habitaciones`
--
ALTER TABLE `habitaciones`
  ADD PRIMARY KEY (`h_id`),
  ADD KEY `fk_id_piso_idx` (`fk_piso`);

--
-- Indices de la tabla `piso`
--
ALTER TABLE `piso`
  ADD PRIMARY KEY (`ps_id`);

--
-- Indices de la tabla `productos`
--
ALTER TABLE `productos`
  ADD PRIMARY KEY (`pd_id`);

--
-- Indices de la tabla `registro`
--
ALTER TABLE `registro`
  ADD PRIMARY KEY (`r_id`),
  ADD KEY `fk_usuario_idx` (`fk_usuario`),
  ADD KEY `fk_habitacion_idx` (`fk_habitacion`);

--
-- Indices de la tabla `stock`
--
ALTER TABLE `stock`
  ADD PRIMARY KEY (`s_id`),
  ADD KEY `fk_estado_idx` (`fk_estado`),
  ADD KEY `fk_producto_idx` (`fk_producto`),
  ADD KEY `fk_registro_idx` (`fk_registro`),
  ADD KEY `producto_idx` (`fk_producto`);

--
-- Indices de la tabla `tipo`
--
ALTER TABLE `tipo`
  ADD PRIMARY KEY (`t_id`);

--
-- Indices de la tabla `usuario`
--
ALTER TABLE `usuario`
  ADD PRIMARY KEY (`u_id`),
  ADD KEY `tipo_idx` (`fk_tipo`);

--
-- AUTO_INCREMENT de las tablas volcadas
--

--
-- AUTO_INCREMENT de la tabla `estado`
--
ALTER TABLE `estado`
  MODIFY `e_id` int(11) NOT NULL AUTO_INCREMENT, AUTO_INCREMENT=4;

--
-- AUTO_INCREMENT de la tabla `evaluacion`
--
ALTER TABLE `evaluacion`
  MODIFY `ev_id` int(11) NOT NULL AUTO_INCREMENT, AUTO_INCREMENT=5;

--
-- AUTO_INCREMENT de la tabla `frigobar`
--
ALTER TABLE `frigobar`
  MODIFY `f_id` int(11) NOT NULL AUTO_INCREMENT, AUTO_INCREMENT=2;

--
-- AUTO_INCREMENT de la tabla `habitaciones`
--
ALTER TABLE `habitaciones`
  MODIFY `h_id` int(11) NOT NULL AUTO_INCREMENT, AUTO_INCREMENT=91;

--
-- AUTO_INCREMENT de la tabla `piso`
--
ALTER TABLE `piso`
  MODIFY `ps_id` int(11) NOT NULL AUTO_INCREMENT, AUTO_INCREMENT=11;

--
-- AUTO_INCREMENT de la tabla `productos`
--
ALTER TABLE `productos`
  MODIFY `pd_id` int(11) NOT NULL AUTO_INCREMENT, AUTO_INCREMENT=13;

--
-- AUTO_INCREMENT de la tabla `registro`
--
ALTER TABLE `registro`
  MODIFY `r_id` int(11) NOT NULL AUTO_INCREMENT, AUTO_INCREMENT=1054;

--
-- AUTO_INCREMENT de la tabla `stock`
--
ALTER TABLE `stock`
  MODIFY `s_id` int(11) NOT NULL AUTO_INCREMENT, AUTO_INCREMENT=2118;

--
-- AUTO_INCREMENT de la tabla `tipo`
--
ALTER TABLE `tipo`
  MODIFY `t_id` int(11) NOT NULL AUTO_INCREMENT, AUTO_INCREMENT=3;

--
-- AUTO_INCREMENT de la tabla `usuario`
--
ALTER TABLE `usuario`
  MODIFY `u_id` int(11) NOT NULL AUTO_INCREMENT, AUTO_INCREMENT=3;

--
-- Restricciones para tablas volcadas
--

--
-- Filtros para la tabla `frigobar`
--
ALTER TABLE `frigobar`
  ADD CONSTRAINT `evaluacion-frigobar` FOREIGN KEY (`fk_evaluacion`) REFERENCES `evaluacion` (`ev_id`) ON UPDATE CASCADE,
  ADD CONSTRAINT `registro-frigobar` FOREIGN KEY (`fk_registro`) REFERENCES `registro` (`r_id`) ON UPDATE CASCADE;

--
-- Filtros para la tabla `habitaciones`
--
ALTER TABLE `habitaciones`
  ADD CONSTRAINT `habitacion-piso` FOREIGN KEY (`fk_piso`) REFERENCES `piso` (`ps_id`) ON UPDATE CASCADE;

--
-- Filtros para la tabla `registro`
--
ALTER TABLE `registro`
  ADD CONSTRAINT `registro-habitacion` FOREIGN KEY (`fk_habitacion`) REFERENCES `habitaciones` (`h_id`) ON UPDATE CASCADE,
  ADD CONSTRAINT `registro-usuario` FOREIGN KEY (`fk_usuario`) REFERENCES `usuario` (`u_id`);

--
-- Filtros para la tabla `stock`
--
ALTER TABLE `stock`
  ADD CONSTRAINT `estado-stock` FOREIGN KEY (`fk_estado`) REFERENCES `estado` (`e_id`) ON UPDATE CASCADE,
  ADD CONSTRAINT `producto-stock` FOREIGN KEY (`fk_producto`) REFERENCES `productos` (`pd_id`) ON UPDATE CASCADE,
  ADD CONSTRAINT `registro-stock` FOREIGN KEY (`fk_registro`) REFERENCES `registro` (`r_id`) ON UPDATE CASCADE;

--
-- Filtros para la tabla `usuario`
--
ALTER TABLE `usuario`
  ADD CONSTRAINT `tipo-usuario` FOREIGN KEY (`fk_tipo`) REFERENCES `tipo` (`t_id`) ON UPDATE CASCADE;
COMMIT;

/*!40101 SET CHARACTER_SET_CLIENT=@OLD_CHARACTER_SET_CLIENT */;
/*!40101 SET CHARACTER_SET_RESULTS=@OLD_CHARACTER_SET_RESULTS */;
/*!40101 SET COLLATION_CONNECTION=@OLD_COLLATION_CONNECTION */;
