-- phpMyAdmin SQL Dump
-- version 4.7.7
-- https://www.phpmyadmin.net/
--
-- Servidor: 127.0.0.1
-- Tiempo de generación: 15-03-2018 a las 19:47:54
-- Versión del servidor: 10.1.30-MariaDB
-- Versión de PHP: 7.2.2

SET SQL_MODE = "NO_AUTO_VALUE_ON_ZERO";
SET AUTOCOMMIT = 0;
START TRANSACTION;
SET time_zone = "+00:00";


/*!40101 SET @OLD_CHARACTER_SET_CLIENT=@@CHARACTER_SET_CLIENT */;
/*!40101 SET @OLD_CHARACTER_SET_RESULTS=@@CHARACTER_SET_RESULTS */;
/*!40101 SET @OLD_COLLATION_CONNECTION=@@COLLATION_CONNECTION */;
/*!40101 SET NAMES utf8mb4 */;

--
-- Base de datos: `minibar_semifinal`
--

-- --------------------------------------------------------

--
-- Estructura de tabla para la tabla `estado`
--

CREATE TABLE `estado` (
  `e_id` int(11) NOT NULL,
  `e_sigla` varchar(10) CHARACTER SET utf8 NOT NULL,
  `e_descripcion` varchar(45) CHARACTER SET utf8 COLLATE utf8_spanish_ci NOT NULL
) ENGINE=InnoDB DEFAULT CHARSET=utf8 COLLATE=utf8_unicode_ci;

--
-- Volcado de datos para la tabla `estado`
--

INSERT INTO `estado` (`e_id`, `e_sigla`, `e_descripcion`) VALUES
(1, 'CR', 'Con Reposición'),
(2, 'R', 'Reposición'),
(3, 'SS', 'Sin Stock');

-- --------------------------------------------------------

--
-- Estructura de tabla para la tabla `evaluacion`
--

CREATE TABLE `evaluacion` (
  `ev_id` int(11) NOT NULL,
  `ev_descripcion` varchar(45) COLLATE utf8_spanish2_ci NOT NULL
) ENGINE=InnoDB DEFAULT CHARSET=utf8 COLLATE=utf8_spanish2_ci;

--
-- Volcado de datos para la tabla `evaluacion`
--

INSERT INTO `evaluacion` (`ev_id`, `ev_descripcion`) VALUES
(1, 'Sin Problemas'),
(2, 'Mal Estado'),
(3, 'Congelado');

-- --------------------------------------------------------

--
-- Estructura de tabla para la tabla `frigobar`
--

CREATE TABLE `frigobar` (
  `f_id` int(11) NOT NULL,
  `fk_evaluacion` int(11) NOT NULL,
  `fk_registro` int(11) NOT NULL
) ENGINE=InnoDB DEFAULT CHARSET=utf8;

--
-- Volcado de datos para la tabla `frigobar`
--

INSERT INTO `frigobar` (`f_id`, `fk_evaluacion`, `fk_registro`) VALUES
(1, 2, 29),
(2, 3, 386);

-- --------------------------------------------------------

--
-- Estructura de tabla para la tabla `habitaciones`
--

CREATE TABLE `habitaciones` (
  `h_id` int(11) NOT NULL,
  `h_numero` int(11) NOT NULL,
  `fk_piso` int(11) NOT NULL
) ENGINE=InnoDB DEFAULT CHARSET=utf8;

--
-- Volcado de datos para la tabla `habitaciones`
--

INSERT INTO `habitaciones` (`h_id`, `h_numero`, `fk_piso`) VALUES
(1, 601, 1),
(2, 602, 1),
(3, 603, 1),
(4, 604, 1),
(5, 605, 1),
(6, 606, 1),
(7, 607, 1),
(8, 608, 1),
(9, 609, 1),
(10, 701, 2),
(11, 702, 2),
(12, 703, 2),
(13, 704, 2),
(14, 705, 2),
(15, 706, 2),
(16, 707, 2),
(17, 708, 2),
(18, 709, 2),
(19, 801, 3),
(20, 802, 3),
(21, 803, 3),
(22, 804, 3),
(23, 805, 3),
(24, 806, 3),
(25, 807, 3),
(26, 808, 3),
(27, 809, 3),
(28, 901, 4),
(29, 902, 4),
(30, 903, 4),
(31, 904, 4),
(32, 905, 4),
(33, 906, 4),
(34, 907, 4),
(35, 908, 4),
(36, 909, 4),
(37, 1001, 5),
(38, 1002, 5),
(39, 1003, 5),
(40, 1004, 5),
(41, 1005, 5),
(42, 1006, 5),
(43, 1007, 5),
(44, 1008, 5),
(45, 1009, 5),
(46, 1101, 6),
(47, 1102, 6),
(48, 1103, 6),
(49, 1104, 6),
(50, 1105, 6),
(51, 1106, 6),
(52, 1107, 6),
(53, 1108, 6),
(54, 1109, 6),
(55, 1201, 7),
(56, 1202, 7),
(57, 1203, 7),
(58, 1204, 7),
(59, 1205, 7),
(60, 1206, 7),
(61, 1207, 7),
(62, 1208, 7),
(63, 1209, 7),
(64, 1401, 8),
(65, 1402, 8),
(66, 1403, 8),
(67, 1404, 8),
(68, 1405, 8),
(69, 1406, 8),
(70, 1407, 8),
(71, 1408, 8),
(72, 1409, 8),
(73, 1501, 9),
(74, 1502, 9),
(75, 1503, 9),
(76, 1504, 9),
(77, 1505, 9),
(78, 1506, 9),
(79, 1507, 9),
(80, 1508, 9),
(81, 1509, 9),
(82, 1601, 10),
(83, 1602, 10),
(84, 1603, 10),
(85, 1604, 10),
(86, 1605, 10),
(87, 1606, 10),
(88, 1607, 10),
(89, 1608, 10),
(90, 1609, 10);

-- --------------------------------------------------------

--
-- Estructura de tabla para la tabla `inventario`
--

CREATE TABLE `inventario` (
  `in_id` int(11) NOT NULL,
  `in_fecha_registro` date NOT NULL,
  `in_fk_habitacion` int(11) NOT NULL,
  `in_fk_producto` int(11) NOT NULL,
  `fk_total` int(11) NOT NULL
) ENGINE=InnoDB DEFAULT CHARSET=utf8;

--
-- Volcado de datos para la tabla `inventario`
--

INSERT INTO `inventario` (`in_id`, `in_fecha_registro`, `in_fk_habitacion`, `in_fk_producto`, `fk_total`) VALUES
(1, '2018-03-15', 1, 1, 1),
(2, '2018-03-11', 1, 2, 1),
(3, '2018-03-01', 1, 3, 1),
(4, '2018-03-02', 1, 4, 1),
(5, '2018-03-01', 1, 5, 1),
(6, '2018-03-01', 1, 6, 1),
(7, '2018-03-15', 1, 7, 1),
(8, '2018-03-08', 1, 8, 1),
(9, '2018-03-01', 1, 9, 1),
(10, '2018-03-08', 1, 10, 1),
(11, '2018-03-01', 1, 11, 1),
(12, '2018-03-01', 1, 12, 1),
(13, '2018-03-01', 2, 1, 1),
(14, '2018-03-14', 2, 2, 1),
(15, '2018-03-01', 2, 3, 1),
(16, '2018-03-14', 2, 4, 1),
(17, '2018-03-01', 2, 5, 1),
(18, '2018-03-01', 2, 6, 1),
(19, '2018-03-01', 2, 7, 1),
(20, '2018-03-06', 2, 8, 1),
(21, '2018-03-01', 2, 9, 1),
(22, '2018-03-01', 2, 10, 1),
(23, '2018-03-01', 2, 11, 1),
(24, '2018-03-01', 2, 12, 1),
(25, '2018-03-01', 3, 1, 1),
(26, '2018-03-01', 3, 2, 1),
(27, '2018-03-01', 3, 3, 1),
(28, '2018-03-01', 3, 4, 1),
(29, '2018-03-01', 3, 5, 1),
(30, '2018-03-01', 3, 6, 1),
(31, '2018-03-01', 3, 7, 1),
(32, '2018-03-01', 3, 8, 1),
(33, '2018-03-01', 3, 9, 1),
(34, '2018-03-01', 3, 10, 1),
(35, '2018-03-01', 3, 11, 1),
(36, '2018-03-01', 3, 12, 1),
(37, '2018-03-01', 4, 1, 1),
(38, '2018-03-06', 4, 2, 1),
(39, '2018-03-01', 4, 3, 1),
(40, '2018-03-01', 4, 4, 1),
(41, '2018-03-01', 4, 5, 1),
(42, '2018-03-01', 4, 6, 1),
(43, '2018-03-01', 4, 7, 1),
(44, '2018-03-01', 4, 8, 1),
(45, '2018-03-01', 4, 9, 1),
(46, '2018-03-01', 4, 10, 1),
(47, '2018-03-01', 4, 11, 1),
(48, '2018-03-01', 4, 12, 1),
(49, '2018-03-01', 5, 1, 1),
(50, '2018-03-01', 5, 2, 1),
(51, '2018-03-01', 5, 3, 1),
(52, '2018-03-01', 5, 4, 1),
(53, '2018-03-01', 5, 5, 1),
(54, '2018-03-12', 5, 6, 1),
(55, '2018-03-09', 5, 7, 1),
(56, '2018-03-12', 5, 8, 1),
(57, '2018-03-01', 5, 9, 1),
(58, '2018-03-01', 5, 10, 1),
(59, '2018-03-01', 5, 11, 1),
(60, '2018-03-01', 5, 12, 1),
(61, '2018-03-01', 6, 1, 1),
(62, '2018-03-01', 6, 2, 1),
(63, '2018-03-01', 6, 3, 1),
(64, '2018-03-01', 6, 4, 1),
(65, '2018-03-01', 6, 5, 1),
(66, '2018-03-01', 6, 6, 1),
(67, '2018-03-01', 6, 7, 1),
(68, '2018-03-01', 6, 8, 1),
(69, '2018-03-01', 6, 9, 1),
(70, '2018-03-01', 6, 10, 1),
(71, '2018-03-01', 6, 11, 1),
(72, '2018-03-01', 6, 12, 1),
(73, '2018-03-01', 7, 1, 1),
(74, '2018-03-01', 7, 2, 1),
(75, '2018-03-01', 7, 3, 1),
(76, '2018-03-01', 7, 4, 1),
(77, '2018-03-01', 7, 5, 1),
(78, '2018-03-01', 7, 6, 1),
(79, '2018-03-08', 7, 7, 1),
(80, '2018-03-11', 7, 8, 1),
(81, '2018-03-01', 7, 9, 1),
(82, '2018-03-01', 7, 10, 1),
(83, '2018-03-01', 7, 11, 1),
(84, '2018-03-01', 7, 12, 1),
(85, '2018-03-07', 8, 1, 1),
(86, '2018-03-01', 8, 2, 1),
(87, '2018-03-01', 8, 3, 1),
(88, '2018-03-01', 8, 4, 1),
(89, '2018-03-01', 8, 5, 1),
(90, '2018-03-08', 8, 6, 1),
(91, '2018-03-01', 8, 7, 1),
(92, '2018-03-01', 8, 8, 1),
(93, '2018-03-01', 8, 9, 1),
(94, '2018-03-08', 8, 10, 1),
(95, '2018-03-01', 8, 11, 1),
(96, '2018-03-01', 8, 12, 1),
(97, '2018-03-01', 9, 1, 1),
(98, '2018-03-01', 9, 2, 1),
(99, '2018-03-11', 9, 3, 1),
(100, '2018-03-01', 9, 4, 1),
(101, '2018-03-01', 9, 5, 1),
(102, '2018-03-01', 9, 6, 1),
(103, '2018-03-01', 9, 7, 1),
(104, '2018-03-01', 9, 8, 1),
(105, '2018-03-01', 9, 9, 1),
(106, '2018-03-14', 9, 10, 1),
(107, '2018-03-01', 9, 11, 1),
(108, '2018-03-01', 9, 12, 1),
(109, '2018-03-01', 10, 1, 1),
(110, '2018-03-01', 10, 2, 1),
(111, '2018-03-01', 10, 3, 1),
(112, '2018-03-01', 10, 4, 1),
(113, '2018-03-11', 10, 5, 1),
(114, '2018-03-05', 10, 6, 1),
(115, '2018-03-01', 10, 7, 1),
(116, '2018-03-01', 10, 8, 1),
(117, '2018-03-05', 10, 9, 1),
(118, '2018-03-01', 10, 10, 1),
(119, '2018-03-05', 10, 11, 1),
(120, '2018-03-01', 10, 12, 1),
(121, '2018-03-11', 11, 1, 1),
(122, '2018-03-09', 11, 2, 1),
(123, '2018-03-01', 11, 3, 1),
(124, '2018-03-01', 11, 4, 1),
(125, '2018-03-01', 11, 5, 1),
(126, '2018-03-01', 11, 6, 1),
(127, '2018-03-01', 11, 7, 1),
(128, '2018-03-01', 11, 8, 1),
(129, '2018-03-11', 11, 9, 1),
(130, '2018-03-01', 11, 10, 1),
(131, '2018-03-01', 11, 11, 1),
(132, '2018-03-01', 11, 12, 1),
(133, '2018-03-14', 12, 1, 1),
(134, '2018-03-01', 12, 2, 1),
(135, '2018-03-01', 12, 3, 1),
(136, '2018-03-01', 12, 4, 1),
(137, '2018-03-01', 12, 5, 1),
(138, '2018-03-14', 12, 6, 1),
(139, '2018-03-01', 12, 7, 1),
(140, '2018-03-13', 12, 8, 1),
(141, '2018-03-01', 12, 9, 1),
(142, '2018-03-01', 12, 10, 1),
(143, '2018-03-01', 12, 11, 1),
(144, '2018-03-01', 12, 12, 1),
(145, '2018-03-14', 13, 1, 1),
(146, '2018-03-01', 13, 2, 1),
(147, '2018-03-01', 13, 3, 1),
(148, '2018-03-11', 13, 4, 1),
(149, '2018-03-09', 13, 5, 1),
(150, '2018-03-14', 13, 6, 1),
(151, '2018-03-01', 13, 7, 1),
(152, '2018-03-01', 13, 8, 1),
(153, '2018-03-01', 13, 9, 1),
(154, '2018-03-01', 13, 10, 1),
(155, '2018-03-01', 13, 11, 1),
(156, '2018-03-12', 13, 12, 2),
(157, '2018-03-09', 14, 1, 1),
(158, '2018-03-12', 14, 2, 1),
(159, '2018-03-01', 14, 3, 1),
(160, '2018-03-14', 14, 4, 1),
(161, '2018-03-01', 14, 5, 1),
(162, '2018-03-01', 14, 6, 1),
(163, '2018-03-01', 14, 7, 1),
(164, '2018-03-01', 14, 8, 1),
(165, '2018-03-01', 14, 9, 1),
(166, '2018-03-01', 14, 10, 1),
(167, '2018-03-01', 14, 11, 1),
(168, '2018-03-01', 14, 12, 1),
(169, '2018-03-11', 15, 1, 1),
(170, '2018-03-03', 15, 2, 1),
(171, '2018-03-09', 15, 3, 1),
(172, '2018-03-01', 15, 4, 1),
(173, '2018-03-01', 15, 5, 1),
(174, '2018-03-01', 15, 6, 1),
(175, '2018-03-08', 15, 7, 1),
(176, '2018-03-01', 15, 8, 1),
(177, '2018-03-01', 15, 9, 1),
(178, '2018-03-01', 15, 10, 1),
(179, '2018-03-01', 15, 11, 1),
(180, '2018-03-01', 15, 12, 1),
(181, '2018-03-01', 16, 1, 1),
(182, '2018-03-01', 16, 2, 1),
(183, '2018-03-01', 16, 3, 1),
(184, '2018-03-01', 16, 4, 1),
(185, '2018-03-01', 16, 5, 1),
(186, '2018-03-01', 16, 6, 1),
(187, '2018-03-01', 16, 7, 1),
(188, '2018-03-12', 16, 8, 1),
(189, '2018-03-01', 16, 9, 1),
(190, '2018-03-01', 16, 10, 1),
(191, '2018-03-01', 16, 11, 1),
(192, '2018-03-01', 16, 12, 1),
(193, '2018-03-01', 17, 1, 1),
(194, '2018-03-14', 17, 2, 1),
(195, '2018-03-01', 17, 3, 1),
(196, '2018-03-01', 17, 4, 1),
(197, '2018-03-01', 17, 5, 1),
(198, '2018-03-03', 17, 6, 1),
(199, '2018-03-01', 17, 7, 1),
(200, '2018-03-12', 17, 8, 1),
(201, '2018-03-01', 17, 9, 1),
(202, '2018-03-01', 17, 10, 1),
(203, '2018-03-01', 17, 11, 1),
(204, '2018-03-01', 17, 12, 1),
(205, '2018-03-01', 18, 1, 1),
(206, '2018-03-05', 18, 2, 1),
(207, '2018-03-01', 18, 3, 1),
(208, '2018-03-02', 18, 4, 1),
(209, '2018-03-02', 18, 5, 1),
(210, '2018-03-05', 18, 6, 1),
(211, '2018-03-02', 18, 7, 1),
(212, '2018-03-01', 18, 8, 1),
(213, '2018-03-02', 18, 9, 1),
(214, '2018-03-01', 18, 10, 1),
(215, '2018-03-01', 18, 11, 1),
(216, '2018-03-01', 18, 12, 1),
(217, '2018-03-11', 19, 1, 1),
(218, '2018-03-01', 19, 2, 1),
(219, '2018-03-01', 19, 3, 1),
(220, '2018-03-01', 19, 4, 1),
(221, '2018-03-01', 19, 5, 1),
(222, '2018-03-01', 19, 6, 1),
(223, '2018-03-11', 19, 7, 1),
(224, '2018-03-01', 19, 8, 1),
(225, '2018-03-01', 19, 9, 1),
(226, '2018-03-01', 19, 10, 1),
(227, '2018-03-01', 19, 11, 1),
(228, '2018-03-01', 19, 12, 1),
(229, '2018-03-14', 20, 1, 1),
(230, '2018-03-14', 20, 2, 1),
(231, '2018-03-01', 20, 3, 1),
(232, '2018-03-01', 20, 4, 1),
(233, '2018-03-01', 20, 5, 1),
(234, '2018-03-01', 20, 6, 1),
(235, '2018-03-01', 20, 7, 1),
(236, '2018-03-01', 20, 8, 1),
(237, '2018-03-01', 20, 9, 1),
(238, '2018-03-01', 20, 10, 1),
(239, '2018-03-14', 20, 11, 1),
(240, '2018-03-12', 20, 12, 2),
(241, '2018-03-01', 21, 1, 1),
(242, '2018-03-05', 21, 2, 1),
(243, '2018-03-01', 21, 3, 1),
(244, '2018-03-01', 21, 4, 1),
(245, '2018-03-01', 21, 5, 1),
(246, '2018-03-01', 21, 6, 1),
(247, '2018-03-01', 21, 7, 1),
(248, '2018-03-01', 21, 8, 1),
(249, '2018-03-05', 21, 9, 1),
(250, '2018-03-01', 21, 10, 1),
(251, '2018-03-11', 21, 11, 1),
(252, '2018-03-12', 21, 12, 2),
(253, '2018-03-01', 22, 1, 1),
(254, '2018-03-14', 22, 2, 1),
(255, '2018-03-01', 22, 3, 1),
(256, '2018-03-01', 22, 4, 1),
(257, '2018-03-01', 22, 5, 1),
(258, '2018-03-01', 22, 6, 1),
(259, '2018-03-01', 22, 7, 1),
(260, '2018-03-01', 22, 8, 1),
(261, '2018-03-01', 22, 9, 1),
(262, '2018-03-01', 22, 10, 1),
(263, '2018-03-01', 22, 11, 1),
(264, '2018-03-01', 22, 12, 1),
(265, '2018-03-14', 23, 1, 1),
(266, '2018-03-03', 23, 2, 1),
(267, '2018-03-01', 23, 3, 1),
(268, '2018-03-01', 23, 4, 1),
(269, '2018-03-01', 23, 5, 1),
(270, '2018-03-01', 23, 6, 1),
(271, '2018-03-01', 23, 7, 1),
(272, '2018-03-01', 23, 8, 1),
(273, '2018-03-01', 23, 9, 1),
(274, '2018-03-01', 23, 10, 1),
(275, '2018-03-01', 23, 11, 1),
(276, '2018-03-01', 23, 12, 1),
(277, '2018-03-01', 24, 1, 1),
(278, '2018-03-12', 24, 2, 1),
(279, '2018-03-01', 24, 3, 1),
(280, '2018-03-12', 24, 4, 1),
(281, '2018-03-01', 24, 5, 1),
(282, '2018-03-05', 24, 6, 1),
(283, '2018-03-01', 24, 7, 1),
(284, '2018-03-01', 24, 8, 1),
(285, '2018-03-01', 24, 9, 1),
(286, '2018-03-01', 24, 10, 1),
(287, '2018-03-01', 24, 11, 1),
(288, '2018-03-01', 24, 12, 1),
(289, '2018-03-11', 25, 1, 1),
(290, '2018-03-02', 25, 2, 1),
(291, '2018-03-01', 25, 3, 1),
(292, '2018-03-01', 25, 4, 1),
(293, '2018-03-01', 25, 5, 1),
(294, '2018-03-01', 25, 6, 1),
(295, '2018-03-01', 25, 7, 1),
(296, '2018-03-01', 25, 8, 1),
(297, '2018-03-10', 25, 9, 1),
(298, '2018-03-01', 25, 10, 1),
(299, '2018-03-01', 25, 11, 1),
(300, '2018-03-01', 25, 12, 1),
(301, '2018-03-14', 26, 1, 1),
(302, '2018-03-07', 26, 2, 1),
(303, '2018-03-07', 26, 3, 1),
(304, '2018-03-14', 26, 4, 1),
(305, '2018-03-07', 26, 5, 1),
(306, '2018-03-14', 26, 6, 1),
(307, '2018-03-13', 26, 7, 1),
(308, '2018-03-14', 26, 8, 1),
(309, '2018-03-14', 26, 9, 1),
(310, '2018-03-13', 26, 10, 1),
(311, '2018-03-07', 26, 11, 1),
(312, '2018-03-14', 26, 12, 2),
(313, '2018-03-03', 27, 1, 1),
(314, '2018-03-05', 27, 2, 1),
(315, '2018-03-01', 27, 3, 1),
(316, '2018-03-01', 27, 4, 1),
(317, '2018-03-01', 27, 5, 1),
(318, '2018-03-05', 27, 6, 1),
(319, '2018-03-03', 27, 7, 1),
(320, '2018-03-01', 27, 8, 1),
(321, '2018-03-01', 27, 9, 1),
(322, '2018-03-03', 27, 10, 1),
(323, '2018-03-01', 27, 11, 1),
(324, '2018-03-14', 27, 12, 2),
(325, '2018-03-01', 28, 1, 1),
(326, '2018-03-01', 28, 2, 1),
(327, '2018-03-01', 28, 3, 1),
(328, '2018-03-01', 28, 4, 1),
(329, '2018-03-01', 28, 5, 1),
(330, '2018-03-05', 28, 6, 1),
(331, '2018-03-01', 28, 7, 1),
(332, '2018-03-01', 28, 8, 1),
(333, '2018-03-01', 28, 9, 1),
(334, '2018-03-01', 28, 10, 1),
(335, '2018-03-01', 28, 11, 1),
(336, '2018-03-01', 28, 12, 1),
(337, '2018-03-01', 29, 1, 1),
(338, '2018-03-12', 29, 2, 1),
(339, '2018-03-01', 29, 3, 1),
(340, '2018-03-06', 29, 4, 1),
(341, '2018-03-01', 29, 5, 1),
(342, '2018-03-01', 29, 6, 1),
(343, '2018-03-01', 29, 7, 1),
(344, '2018-03-01', 29, 8, 1),
(345, '2018-03-01', 29, 9, 1),
(346, '2018-03-01', 29, 10, 1),
(347, '2018-03-01', 29, 11, 1),
(348, '2018-03-02', 29, 12, 1),
(349, '2018-03-09', 30, 1, 1),
(350, '2018-03-09', 30, 2, 1),
(351, '2018-03-01', 30, 3, 1),
(352, '2018-03-01', 30, 4, 1),
(353, '2018-03-01', 30, 5, 1),
(354, '2018-03-01', 30, 6, 1),
(355, '2018-03-01', 30, 7, 1),
(356, '2018-03-01', 30, 8, 1),
(357, '2018-03-01', 30, 9, 1),
(358, '2018-03-01', 30, 10, 1),
(359, '2018-03-01', 30, 11, 1),
(360, '2018-03-01', 30, 12, 1),
(361, '2018-03-11', 31, 1, 1),
(362, '2018-03-11', 31, 2, 1),
(363, '2018-03-13', 31, 3, 1),
(364, '2018-03-10', 31, 4, 1),
(365, '2018-03-10', 31, 5, 1),
(366, '2018-03-01', 31, 6, 1),
(367, '2018-03-01', 31, 7, 1),
(368, '2018-03-01', 31, 8, 1),
(369, '2018-03-08', 31, 9, 1),
(370, '2018-03-13', 31, 10, 1),
(371, '2018-03-01', 31, 11, 1),
(372, '2018-03-12', 31, 12, 2),
(373, '2018-03-01', 32, 1, 1),
(374, '2018-03-01', 32, 2, 1),
(375, '2018-03-01', 32, 3, 1),
(376, '2018-03-01', 32, 4, 1),
(377, '2018-03-01', 32, 5, 1),
(378, '2018-03-01', 32, 6, 1),
(379, '2018-03-01', 32, 7, 1),
(380, '2018-03-01', 32, 8, 1),
(381, '2018-03-01', 32, 9, 1),
(382, '2018-03-01', 32, 10, 1),
(383, '2018-03-01', 32, 11, 1),
(384, '2018-03-01', 32, 12, 1),
(385, '2018-03-07', 33, 1, 1),
(386, '2018-03-09', 33, 2, 1),
(387, '2018-03-01', 33, 3, 1),
(388, '2018-03-01', 33, 4, 1),
(389, '2018-03-01', 33, 5, 1),
(390, '2018-03-07', 33, 6, 1),
(391, '2018-03-01', 33, 7, 1),
(392, '2018-03-09', 33, 8, 1),
(393, '2018-03-05', 33, 9, 1),
(394, '2018-03-01', 33, 10, 1),
(395, '2018-03-01', 33, 11, 1),
(396, '2018-03-01', 33, 12, 1),
(397, '2018-03-14', 34, 1, 1),
(398, '2018-03-01', 34, 2, 1),
(399, '2018-03-08', 34, 3, 1),
(400, '2018-03-01', 34, 4, 1),
(401, '2018-03-01', 34, 5, 1),
(402, '2018-03-01', 34, 6, 1),
(403, '2018-03-01', 34, 7, 1),
(404, '2018-03-01', 34, 8, 1),
(405, '2018-03-01', 34, 9, 1),
(406, '2018-03-01', 34, 10, 1),
(407, '2018-03-01', 34, 11, 1),
(408, '2018-03-01', 34, 12, 1),
(409, '2018-03-13', 35, 1, 1),
(410, '2018-03-12', 35, 2, 1),
(411, '2018-03-08', 35, 3, 1),
(412, '2018-03-12', 35, 4, 1),
(413, '2018-03-12', 35, 5, 1),
(414, '2018-03-01', 35, 6, 1),
(415, '2018-03-14', 35, 7, 1),
(416, '2018-03-01', 35, 8, 1),
(417, '2018-03-01', 35, 9, 1),
(418, '2018-03-01', 35, 10, 1),
(419, '2018-03-14', 35, 11, 1),
(420, '2018-03-01', 35, 12, 1),
(421, '2018-03-01', 36, 1, 1),
(422, '2018-03-10', 36, 2, 1),
(423, '2018-03-01', 36, 3, 1),
(424, '2018-03-01', 36, 4, 1),
(425, '2018-03-14', 36, 5, 1),
(426, '2018-03-01', 36, 6, 1),
(427, '2018-03-10', 36, 7, 1),
(428, '2018-03-01', 36, 8, 1),
(429, '2018-03-01', 36, 9, 1),
(430, '2018-03-01', 36, 10, 1),
(431, '2018-03-01', 36, 11, 1),
(432, '2018-03-01', 36, 12, 1),
(433, '2018-03-01', 37, 1, 1),
(434, '2018-03-01', 37, 2, 1),
(435, '2018-03-01', 37, 3, 1),
(436, '2018-03-01', 37, 4, 1),
(437, '2018-03-01', 37, 5, 1),
(438, '2018-03-01', 37, 6, 1),
(439, '2018-03-01', 37, 7, 1),
(440, '2018-03-01', 37, 8, 1),
(441, '2018-03-01', 37, 9, 1),
(442, '2018-03-01', 37, 10, 1),
(443, '2018-03-01', 37, 11, 1),
(444, '2018-03-01', 37, 12, 1),
(445, '2018-03-01', 38, 1, 1),
(446, '2018-03-01', 38, 2, 1),
(447, '2018-03-01', 38, 3, 1),
(448, '2018-03-01', 38, 4, 1),
(449, '2018-03-01', 38, 5, 1),
(450, '2018-03-01', 38, 6, 1),
(451, '2018-03-01', 38, 7, 1),
(452, '2018-03-01', 38, 8, 1),
(453, '2018-03-01', 38, 9, 1),
(454, '2018-03-01', 38, 10, 1),
(455, '2018-03-01', 38, 11, 1),
(456, '2018-03-01', 38, 12, 1),
(457, '2018-03-01', 39, 1, 1),
(458, '2018-03-14', 39, 2, 1),
(459, '2018-03-09', 39, 3, 1),
(460, '2018-03-01', 39, 4, 1),
(461, '2018-03-01', 39, 5, 1),
(462, '2018-03-09', 39, 6, 1),
(463, '2018-03-08', 39, 7, 1),
(464, '2018-03-01', 39, 8, 1),
(465, '2018-03-01', 39, 9, 1),
(466, '2018-03-01', 39, 10, 1),
(467, '2018-03-01', 39, 11, 1),
(468, '2018-03-01', 39, 12, 1),
(469, '2018-03-01', 40, 1, 1),
(470, '2018-03-01', 40, 2, 1),
(471, '2018-03-01', 40, 3, 1),
(472, '2018-03-06', 40, 4, 1),
(473, '2018-03-08', 40, 5, 1),
(474, '2018-03-07', 40, 6, 1),
(475, '2018-03-01', 40, 7, 1),
(476, '2018-03-01', 40, 8, 1),
(477, '2018-03-01', 40, 9, 1),
(478, '2018-03-01', 40, 10, 1),
(479, '2018-03-01', 40, 11, 1),
(480, '2018-03-01', 40, 12, 1),
(481, '2018-03-01', 41, 1, 1),
(482, '2018-03-01', 41, 2, 1),
(483, '2018-03-01', 41, 3, 1),
(484, '2018-03-01', 41, 4, 1),
(485, '2018-03-01', 41, 5, 1),
(486, '2018-03-01', 41, 6, 1),
(487, '2018-03-01', 41, 7, 1),
(488, '2018-03-01', 41, 8, 1),
(489, '2018-03-01', 41, 9, 1),
(490, '2018-03-09', 41, 10, 1),
(491, '2018-03-01', 41, 11, 1),
(492, '2018-03-01', 41, 12, 1),
(493, '2018-03-01', 42, 1, 1),
(494, '2018-03-12', 42, 2, 1),
(495, '2018-03-01', 42, 3, 1),
(496, '2018-03-01', 42, 4, 1),
(497, '2018-03-12', 42, 5, 1),
(498, '2018-03-01', 42, 6, 1),
(499, '2018-03-01', 42, 7, 1),
(500, '2018-03-06', 42, 8, 1),
(501, '2018-03-01', 42, 9, 1),
(502, '2018-03-08', 42, 10, 1),
(503, '2018-03-01', 42, 11, 1),
(504, '2018-03-01', 42, 12, 1),
(505, '2018-03-01', 43, 1, 1),
(506, '2018-03-05', 43, 2, 1),
(507, '2018-03-01', 43, 3, 1),
(508, '2018-03-01', 43, 4, 1),
(509, '2018-03-02', 43, 5, 1),
(510, '2018-03-01', 43, 6, 1),
(511, '2018-03-01', 43, 7, 1),
(512, '2018-03-01', 43, 8, 1),
(513, '2018-03-05', 43, 9, 1),
(514, '2018-03-05', 43, 10, 1),
(515, '2018-03-05', 43, 11, 1),
(516, '2018-03-01', 43, 12, 1),
(517, '2018-03-14', 44, 1, 1),
(518, '2018-03-14', 44, 2, 1),
(519, '2018-03-01', 44, 3, 1),
(520, '2018-03-14', 44, 4, 1),
(521, '2018-03-14', 44, 5, 1),
(522, '2018-03-14', 44, 6, 1),
(523, '2018-03-01', 44, 7, 1),
(524, '2018-03-14', 44, 8, 1),
(525, '2018-03-01', 44, 9, 1),
(526, '2018-03-01', 44, 10, 1),
(527, '2018-03-14', 44, 11, 1),
(528, '2018-03-01', 44, 12, 1),
(529, '2018-03-01', 45, 1, 1),
(530, '2018-03-01', 45, 2, 1),
(531, '2018-03-01', 45, 3, 1),
(532, '2018-03-01', 45, 4, 1),
(533, '2018-03-01', 45, 5, 1),
(534, '2018-03-03', 45, 6, 1),
(535, '2018-03-01', 45, 7, 1),
(536, '2018-03-01', 45, 8, 1),
(537, '2018-03-01', 45, 9, 1),
(538, '2018-03-01', 45, 10, 1),
(539, '2018-03-01', 45, 11, 1),
(540, '2018-03-01', 45, 12, 1),
(541, '2018-03-01', 46, 1, 1),
(542, '2018-03-06', 46, 2, 1),
(543, '2018-03-01', 46, 3, 1),
(544, '2018-03-01', 46, 4, 1),
(545, '2018-03-01', 46, 5, 1),
(546, '2018-03-01', 46, 6, 1),
(547, '2018-03-01', 46, 7, 1),
(548, '2018-03-01', 46, 8, 1),
(549, '2018-03-01', 46, 9, 1),
(550, '2018-03-01', 46, 10, 1),
(551, '2018-03-01', 46, 11, 1),
(552, '2018-03-01', 46, 12, 1),
(553, '2018-03-01', 47, 1, 1),
(554, '2018-03-01', 47, 2, 1),
(555, '2018-03-11', 47, 3, 1),
(556, '2018-03-01', 47, 4, 1),
(557, '2018-03-01', 47, 5, 1),
(558, '2018-03-01', 47, 6, 1),
(559, '2018-03-01', 47, 7, 1),
(560, '2018-03-01', 47, 8, 1),
(561, '2018-03-01', 47, 9, 1),
(562, '2018-03-01', 47, 10, 1),
(563, '2018-03-01', 47, 11, 1),
(564, '2018-03-01', 47, 12, 1),
(565, '2018-03-01', 48, 1, 1),
(566, '2018-03-01', 48, 2, 1),
(567, '2018-03-13', 48, 3, 1),
(568, '2018-03-01', 48, 4, 1),
(569, '2018-03-01', 48, 5, 1),
(570, '2018-03-10', 48, 6, 1),
(571, '2018-03-09', 48, 7, 1),
(572, '2018-03-01', 48, 8, 1),
(573, '2018-03-01', 48, 9, 1),
(574, '2018-03-01', 48, 10, 1),
(575, '2018-03-01', 48, 11, 1),
(576, '2018-03-01', 48, 12, 1),
(577, '2018-03-01', 49, 1, 1),
(578, '2018-03-01', 49, 2, 1),
(579, '2018-03-01', 49, 3, 1),
(580, '2018-03-13', 49, 4, 1),
(581, '2018-03-01', 49, 5, 1),
(582, '2018-03-01', 49, 6, 1),
(583, '2018-03-01', 49, 7, 1),
(584, '2018-03-12', 49, 8, 1),
(585, '2018-03-01', 49, 9, 1),
(586, '2018-03-01', 49, 10, 1),
(587, '2018-03-07', 49, 11, 1),
(588, '2018-03-01', 49, 12, 1),
(589, '2018-03-01', 50, 1, 1),
(590, '2018-03-01', 50, 2, 1),
(591, '2018-03-01', 50, 3, 1),
(592, '2018-03-11', 50, 4, 1),
(593, '2018-03-01', 50, 5, 1),
(594, '2018-03-01', 50, 6, 1),
(595, '2018-03-01', 50, 7, 1),
(596, '2018-03-11', 50, 8, 1),
(597, '2018-03-01', 50, 9, 1),
(598, '2018-03-01', 50, 10, 1),
(599, '2018-03-01', 50, 11, 1),
(600, '2018-03-01', 50, 12, 1),
(601, '2018-03-01', 51, 1, 1),
(602, '2018-03-01', 51, 2, 1),
(603, '2018-03-01', 51, 3, 1),
(604, '2018-03-12', 51, 4, 1),
(605, '2018-03-12', 51, 5, 1),
(606, '2018-03-01', 51, 6, 1),
(607, '2018-03-01', 51, 7, 1),
(608, '2018-03-01', 51, 8, 1),
(609, '2018-03-14', 51, 9, 1),
(610, '2018-03-12', 51, 10, 1),
(611, '2018-03-01', 51, 11, 1),
(612, '2018-03-01', 51, 12, 1),
(613, '2018-03-01', 52, 1, 1),
(614, '2018-03-01', 52, 2, 1),
(615, '2018-03-01', 52, 3, 1),
(616, '2018-03-01', 52, 4, 1),
(617, '2018-03-01', 52, 5, 1),
(618, '2018-03-05', 52, 6, 1),
(619, '2018-03-01', 52, 7, 1),
(620, '2018-03-01', 52, 8, 1),
(621, '2018-03-01', 52, 9, 1),
(622, '2018-03-01', 52, 10, 1),
(623, '2018-03-01', 52, 11, 1),
(624, '2018-03-01', 52, 12, 1),
(625, '2018-03-08', 53, 1, 1),
(626, '2018-03-13', 53, 2, 1),
(627, '2018-03-06', 53, 3, 1),
(628, '2018-03-08', 53, 4, 1),
(629, '2018-03-08', 53, 5, 1),
(630, '2018-03-08', 53, 6, 1),
(631, '2018-03-08', 53, 7, 1),
(632, '2018-03-08', 53, 8, 1),
(633, '2018-03-08', 53, 9, 1),
(634, '2018-03-08', 53, 10, 1),
(635, '2018-03-01', 53, 11, 1),
(636, '2018-03-12', 53, 12, 2),
(637, '2018-03-10', 54, 1, 1),
(638, '2018-03-13', 54, 2, 1),
(639, '2018-03-01', 54, 3, 1),
(640, '2018-03-01', 54, 4, 1),
(641, '2018-03-01', 54, 5, 1),
(642, '2018-03-05', 54, 6, 1),
(643, '2018-03-05', 54, 7, 1),
(644, '2018-03-05', 54, 8, 1),
(645, '2018-03-01', 54, 9, 1),
(646, '2018-03-01', 54, 10, 1),
(647, '2018-03-12', 54, 11, 1),
(648, '2018-03-01', 54, 12, 1),
(649, '2018-03-01', 55, 1, 1),
(650, '2018-03-01', 55, 2, 1),
(651, '2018-03-01', 55, 3, 1),
(652, '2018-03-01', 55, 4, 1),
(653, '2018-03-01', 55, 5, 1),
(654, '2018-03-01', 55, 6, 1),
(655, '2018-03-11', 55, 7, 1),
(656, '2018-03-11', 55, 8, 1),
(657, '2018-03-01', 55, 9, 1),
(658, '2018-03-01', 55, 10, 1),
(659, '2018-03-01', 55, 11, 1),
(660, '2018-03-01', 55, 12, 1),
(661, '2018-03-01', 56, 1, 1),
(662, '2018-03-01', 56, 2, 1),
(663, '2018-03-01', 56, 3, 1),
(664, '2018-03-01', 56, 4, 1),
(665, '2018-03-01', 56, 5, 1),
(666, '2018-03-01', 56, 6, 1),
(667, '2018-03-01', 56, 7, 1),
(668, '2018-03-01', 56, 8, 1),
(669, '2018-03-01', 56, 9, 1),
(670, '2018-03-01', 56, 10, 1),
(671, '2018-03-01', 56, 11, 1),
(672, '2018-03-01', 56, 12, 1),
(673, '2018-03-01', 57, 1, 1),
(674, '2018-03-01', 57, 2, 1),
(675, '2018-03-01', 57, 3, 1),
(676, '2018-03-01', 57, 4, 1),
(677, '2018-03-01', 57, 5, 1),
(678, '2018-03-01', 57, 6, 1),
(679, '2018-03-01', 57, 7, 1),
(680, '2018-03-01', 57, 8, 1),
(681, '2018-03-01', 57, 9, 1),
(682, '2018-03-09', 57, 10, 1),
(683, '2018-03-01', 57, 11, 1),
(684, '2018-03-01', 57, 12, 1),
(685, '2018-03-01', 58, 1, 1),
(686, '2018-03-01', 58, 2, 1),
(687, '2018-03-12', 58, 3, 1),
(688, '2018-03-01', 58, 4, 1),
(689, '2018-03-01', 58, 5, 1),
(690, '2018-03-01', 58, 6, 1),
(691, '2018-03-12', 58, 7, 1),
(692, '2018-03-01', 58, 8, 1),
(693, '2018-03-01', 58, 9, 1),
(694, '2018-03-01', 58, 10, 1),
(695, '2018-03-01', 58, 11, 1),
(696, '2018-03-01', 58, 12, 1),
(697, '2018-03-08', 59, 1, 1),
(698, '2018-03-08', 59, 2, 1),
(699, '2018-03-01', 59, 3, 1),
(700, '2018-03-01', 59, 4, 1),
(701, '2018-03-01', 59, 5, 1),
(702, '2018-03-01', 59, 6, 1),
(703, '2018-03-08', 59, 7, 1),
(704, '2018-03-08', 59, 8, 1),
(705, '2018-03-01', 59, 9, 1),
(706, '2018-03-08', 59, 10, 1),
(707, '2018-03-01', 59, 11, 1),
(708, '2018-03-01', 59, 12, 1),
(709, '2018-03-11', 60, 1, 1),
(710, '2018-03-01', 60, 2, 1),
(711, '2018-03-01', 60, 3, 1),
(712, '2018-03-01', 60, 4, 1),
(713, '2018-03-11', 60, 5, 1),
(714, '2018-03-12', 60, 6, 1),
(715, '2018-03-01', 60, 7, 1),
(716, '2018-03-12', 60, 8, 1),
(717, '2018-03-01', 60, 9, 1),
(718, '2018-03-07', 60, 10, 1),
(719, '2018-03-01', 60, 11, 1),
(720, '2018-03-01', 60, 12, 1),
(721, '2018-03-07', 61, 1, 1),
(722, '2018-03-01', 61, 2, 1),
(723, '2018-03-01', 61, 3, 1),
(724, '2018-03-01', 61, 4, 1),
(725, '2018-03-01', 61, 5, 1),
(726, '2018-03-01', 61, 6, 1),
(727, '2018-03-01', 61, 7, 1),
(728, '2018-03-08', 61, 8, 1),
(729, '2018-03-01', 61, 9, 1),
(730, '2018-03-08', 61, 10, 1),
(731, '2018-03-01', 61, 11, 1),
(732, '2018-03-01', 61, 12, 1),
(733, '2018-03-10', 62, 1, 1),
(734, '2018-03-01', 62, 2, 1),
(735, '2018-03-14', 62, 3, 1),
(736, '2018-03-01', 62, 4, 1),
(737, '2018-03-01', 62, 5, 1),
(738, '2018-03-01', 62, 6, 1),
(739, '2018-03-01', 62, 7, 1),
(740, '2018-03-01', 62, 8, 1),
(741, '2018-03-01', 62, 9, 1),
(742, '2018-03-01', 62, 10, 1),
(743, '2018-03-01', 62, 11, 1),
(744, '2018-03-01', 62, 12, 1),
(745, '2018-03-01', 63, 1, 1),
(746, '2018-03-01', 63, 2, 1),
(747, '2018-03-01', 63, 3, 1),
(748, '2018-03-01', 63, 4, 1),
(749, '2018-03-01', 63, 5, 1),
(750, '2018-03-01', 63, 6, 1),
(751, '2018-03-01', 63, 7, 1),
(752, '2018-03-01', 63, 8, 1),
(753, '2018-03-01', 63, 9, 1),
(754, '2018-03-01', 63, 10, 1),
(755, '2018-03-01', 63, 11, 1),
(756, '2018-03-01', 63, 12, 1),
(757, '2018-03-01', 64, 1, 1),
(758, '2018-03-12', 64, 2, 1),
(759, '2018-03-10', 64, 3, 1),
(760, '2018-03-01', 64, 4, 1),
(761, '2018-03-05', 64, 5, 1),
(762, '2018-03-01', 64, 6, 1),
(763, '2018-03-01', 64, 7, 1),
(764, '2018-03-05', 64, 8, 1),
(765, '2018-03-01', 64, 9, 1),
(766, '2018-03-01', 64, 10, 1),
(767, '2018-03-01', 64, 11, 1),
(768, '2018-03-01', 64, 12, 1),
(769, '2018-03-12', 65, 1, 1),
(770, '2018-03-12', 65, 2, 1),
(771, '2018-03-01', 65, 3, 1),
(772, '2018-03-11', 65, 4, 1),
(773, '2018-03-12', 65, 5, 1),
(774, '2018-03-01', 65, 6, 1),
(775, '2018-03-12', 65, 7, 1),
(776, '2018-03-01', 65, 8, 1),
(777, '2018-03-01', 65, 9, 1),
(778, '2018-03-01', 65, 10, 1),
(779, '2018-03-01', 65, 11, 1),
(780, '2018-03-01', 65, 12, 1),
(781, '2018-03-10', 66, 1, 1),
(782, '2018-03-14', 66, 2, 1),
(783, '2018-03-01', 66, 3, 1),
(784, '2018-03-01', 66, 4, 1),
(785, '2018-03-01', 66, 5, 1),
(786, '2018-03-01', 66, 6, 1),
(787, '2018-03-01', 66, 7, 1),
(788, '2018-03-01', 66, 8, 1),
(789, '2018-03-01', 66, 9, 1),
(790, '2018-03-01', 66, 10, 1),
(791, '2018-03-01', 66, 11, 1),
(792, '2018-03-14', 66, 12, 1),
(793, '2018-03-14', 67, 1, 1),
(794, '2018-03-02', 67, 2, 1),
(795, '2018-03-01', 67, 3, 1),
(796, '2018-03-01', 67, 4, 1),
(797, '2018-03-01', 67, 5, 1),
(798, '2018-03-05', 67, 6, 1),
(799, '2018-03-01', 67, 7, 1),
(800, '2018-03-01', 67, 8, 1),
(801, '2018-03-01', 67, 9, 1),
(802, '2018-03-01', 67, 10, 1),
(803, '2018-03-01', 67, 11, 1),
(804, '2018-03-01', 67, 12, 1),
(805, '2018-03-01', 68, 1, 1),
(806, '2018-03-01', 68, 2, 1),
(807, '2018-03-01', 68, 3, 1),
(808, '2018-03-01', 68, 4, 1),
(809, '2018-03-08', 68, 5, 1),
(810, '2018-03-06', 68, 6, 2),
(811, '2018-03-01', 68, 7, 1),
(812, '2018-03-08', 68, 8, 1),
(813, '2018-03-08', 68, 9, 1),
(814, '2018-03-01', 68, 10, 1),
(815, '2018-03-01', 68, 11, 1),
(816, '2018-03-08', 68, 12, 1),
(817, '2018-03-14', 69, 1, 1),
(818, '2018-03-14', 69, 2, 1),
(819, '2018-03-14', 69, 3, 1),
(820, '2018-03-14', 69, 4, 1),
(821, '2018-03-14', 69, 5, 1),
(822, '2018-03-14', 69, 6, 1),
(823, '2018-03-01', 69, 7, 1),
(824, '2018-03-14', 69, 8, 1),
(825, '2018-03-14', 69, 9, 1),
(826, '2018-03-10', 69, 10, 1),
(827, '2018-03-14', 69, 11, 1),
(828, '2018-03-01', 69, 12, 1),
(829, '2018-03-01', 70, 1, 1),
(830, '2018-03-01', 70, 2, 1),
(831, '2018-03-01', 70, 3, 1),
(832, '2018-03-09', 70, 4, 1),
(833, '2018-03-01', 70, 5, 1),
(834, '2018-03-01', 70, 6, 1),
(835, '2018-03-09', 70, 7, 1),
(836, '2018-03-01', 70, 8, 1),
(837, '2018-03-01', 70, 9, 1),
(838, '2018-03-01', 70, 10, 1),
(839, '2018-03-01', 70, 11, 1),
(840, '2018-03-01', 70, 12, 1),
(841, '2018-03-11', 71, 1, 1),
(842, '2018-03-14', 71, 2, 1),
(843, '2018-03-01', 71, 3, 1),
(844, '2018-03-01', 71, 4, 1),
(845, '2018-03-01', 71, 5, 1),
(846, '2018-03-01', 71, 6, 1),
(847, '2018-03-05', 71, 7, 1),
(848, '2018-03-05', 71, 8, 1),
(849, '2018-03-07', 71, 9, 1),
(850, '2018-03-01', 71, 10, 1),
(851, '2018-03-01', 71, 11, 1),
(852, '2018-03-01', 71, 12, 1),
(853, '2018-03-01', 72, 1, 1),
(854, '2018-03-01', 72, 2, 1),
(855, '2018-03-01', 72, 3, 1),
(856, '2018-03-01', 72, 4, 1),
(857, '2018-03-01', 72, 5, 1),
(858, '2018-03-01', 72, 6, 1),
(859, '2018-03-01', 72, 7, 1),
(860, '2018-03-01', 72, 8, 1),
(861, '2018-03-01', 72, 9, 1),
(862, '2018-03-01', 72, 10, 1),
(863, '2018-03-01', 72, 11, 1),
(864, '2018-03-01', 72, 12, 1),
(865, '2018-03-06', 73, 1, 1),
(866, '2018-03-06', 73, 2, 1),
(867, '2018-03-01', 73, 3, 1),
(868, '2018-03-01', 73, 4, 1),
(869, '2018-03-01', 73, 5, 1),
(870, '2018-03-01', 73, 6, 1),
(871, '2018-03-01', 73, 7, 1),
(872, '2018-03-01', 73, 8, 1),
(873, '2018-03-09', 73, 9, 1),
(874, '2018-03-01', 73, 10, 1),
(875, '2018-03-06', 73, 11, 1),
(876, '2018-03-01', 73, 12, 1),
(877, '2018-03-12', 74, 1, 1),
(878, '2018-03-01', 74, 2, 1),
(879, '2018-03-05', 74, 3, 1),
(880, '2018-03-12', 74, 4, 1),
(881, '2018-03-14', 74, 5, 1),
(882, '2018-03-05', 74, 6, 1),
(883, '2018-03-14', 74, 7, 1),
(884, '2018-03-14', 74, 8, 1),
(885, '2018-03-12', 74, 9, 1),
(886, '2018-03-12', 74, 10, 1),
(887, '2018-03-12', 74, 11, 1),
(888, '2018-03-01', 74, 12, 1),
(889, '2018-03-01', 75, 1, 1),
(890, '2018-03-01', 75, 2, 1),
(891, '2018-03-01', 75, 3, 1),
(892, '2018-03-01', 75, 4, 1),
(893, '2018-03-01', 75, 5, 1),
(894, '2018-03-01', 75, 6, 1),
(895, '2018-03-01', 75, 7, 1),
(896, '2018-03-01', 75, 8, 1),
(897, '2018-03-01', 75, 9, 1),
(898, '2018-03-01', 75, 10, 1),
(899, '2018-03-01', 75, 11, 1),
(900, '2018-03-01', 75, 12, 1),
(901, '2018-03-08', 76, 1, 1),
(902, '2018-03-09', 76, 2, 1),
(903, '2018-03-12', 76, 3, 1),
(904, '2018-03-09', 76, 4, 1),
(905, '2018-03-01', 76, 5, 1),
(906, '2018-03-09', 76, 6, 1),
(907, '2018-03-12', 76, 7, 1),
(908, '2018-03-01', 76, 8, 1),
(909, '2018-03-01', 76, 9, 1),
(910, '2018-03-01', 76, 10, 1),
(911, '2018-03-08', 76, 11, 1),
(912, '2018-03-01', 76, 12, 1),
(913, '2018-03-01', 77, 1, 1),
(914, '2018-03-01', 77, 2, 1),
(915, '2018-03-01', 77, 3, 1),
(916, '2018-03-01', 77, 4, 1),
(917, '2018-03-01', 77, 5, 1),
(918, '2018-03-01', 77, 6, 1),
(919, '2018-03-01', 77, 7, 1),
(920, '2018-03-01', 77, 8, 1),
(921, '2018-03-14', 77, 9, 1),
(922, '2018-03-01', 77, 10, 1),
(923, '2018-03-01', 77, 11, 1),
(924, '2018-03-01', 77, 12, 1),
(925, '2018-03-01', 78, 1, 1),
(926, '2018-03-01', 78, 2, 1),
(927, '2018-03-01', 78, 3, 1),
(928, '2018-03-01', 78, 4, 1),
(929, '2018-03-01', 78, 5, 1),
(930, '2018-03-01', 78, 6, 1),
(931, '2018-03-01', 78, 7, 1),
(932, '2018-03-01', 78, 8, 1),
(933, '2018-03-01', 78, 9, 1),
(934, '2018-03-01', 78, 10, 1),
(935, '2018-03-01', 78, 11, 1),
(936, '2018-03-01', 78, 12, 1),
(937, '2018-03-14', 79, 1, 1),
(938, '2018-03-02', 79, 2, 1),
(939, '2018-03-01', 79, 3, 1),
(940, '2018-03-14', 79, 4, 1),
(941, '2018-03-14', 79, 5, 1),
(942, '2018-03-03', 79, 6, 1),
(943, '2018-03-01', 79, 7, 1),
(944, '2018-03-02', 79, 8, 1),
(945, '2018-03-01', 79, 9, 1),
(946, '2018-03-02', 79, 10, 1),
(947, '2018-03-01', 79, 11, 1),
(948, '2018-03-01', 79, 12, 1),
(949, '2018-03-01', 80, 1, 1),
(950, '2018-03-01', 80, 2, 1),
(951, '2018-03-01', 80, 3, 1),
(952, '2018-03-01', 80, 4, 1),
(953, '2018-03-01', 80, 5, 1),
(954, '2018-03-01', 80, 6, 1),
(955, '2018-03-13', 80, 7, 1),
(956, '2018-03-10', 80, 8, 1),
(957, '2018-03-01', 80, 9, 1),
(958, '2018-03-01', 80, 10, 1),
(959, '2018-03-01', 80, 11, 1),
(960, '2018-03-01', 80, 12, 1),
(961, '2018-03-12', 81, 1, 1),
(962, '2018-03-01', 81, 2, 1),
(963, '2018-03-01', 81, 3, 1),
(964, '2018-03-06', 81, 4, 1),
(965, '2018-03-01', 81, 5, 1),
(966, '2018-03-01', 81, 6, 1),
(967, '2018-03-01', 81, 7, 1),
(968, '2018-03-01', 81, 8, 1),
(969, '2018-03-03', 81, 9, 1),
(970, '2018-03-01', 81, 10, 1),
(971, '2018-03-01', 81, 11, 1),
(972, '2018-03-01', 81, 12, 1),
(973, '2018-03-01', 82, 1, 1),
(974, '2018-03-03', 82, 2, 1),
(975, '2018-03-01', 82, 3, 1),
(976, '2018-03-01', 82, 4, 1),
(977, '2018-03-01', 82, 5, 1),
(978, '2018-03-01', 82, 6, 1),
(979, '2018-03-03', 82, 7, 1),
(980, '2018-03-03', 82, 8, 1),
(981, '2018-03-03', 82, 9, 1),
(982, '2018-03-01', 82, 10, 1),
(983, '2018-03-01', 82, 11, 1),
(984, '2018-03-01', 82, 12, 1),
(985, '2018-03-01', 83, 1, 1),
(986, '2018-03-03', 83, 2, 1),
(987, '2018-03-01', 83, 3, 1),
(988, '2018-03-01', 83, 4, 1),
(989, '2018-03-03', 83, 5, 1),
(990, '2018-03-01', 83, 6, 1),
(991, '2018-03-03', 83, 7, 1),
(992, '2018-03-01', 83, 8, 1),
(993, '2018-03-03', 83, 9, 1),
(994, '2018-03-01', 83, 10, 1),
(995, '2018-03-01', 83, 11, 1),
(996, '2018-03-12', 83, 12, 2),
(997, '2018-03-05', 84, 1, 1),
(998, '2018-03-01', 84, 2, 1),
(999, '2018-03-01', 84, 3, 1),
(1000, '2018-03-01', 84, 4, 1),
(1001, '2018-03-01', 84, 5, 1),
(1002, '2018-03-01', 84, 6, 1),
(1003, '2018-03-01', 84, 7, 1),
(1004, '2018-03-01', 84, 8, 1),
(1005, '2018-03-01', 84, 9, 1),
(1006, '2018-03-01', 84, 10, 1),
(1007, '2018-03-01', 84, 11, 1),
(1008, '2018-03-01', 84, 12, 1),
(1009, '2018-03-11', 85, 1, 1),
(1010, '2018-03-11', 85, 2, 1),
(1011, '2018-03-02', 85, 3, 1),
(1012, '2018-03-01', 85, 4, 1),
(1013, '2018-03-01', 85, 5, 1),
(1014, '2018-03-01', 85, 6, 1),
(1015, '2018-03-01', 85, 7, 1),
(1016, '2018-03-10', 85, 8, 1),
(1017, '2018-03-13', 85, 9, 1),
(1018, '2018-03-11', 85, 10, 1),
(1019, '2018-03-08', 85, 11, 1),
(1020, '2018-03-02', 85, 12, 1),
(1021, '2018-03-03', 86, 1, 1),
(1022, '2018-03-03', 86, 2, 1),
(1023, '2018-03-03', 86, 3, 1),
(1024, '2018-03-03', 86, 4, 1),
(1025, '2018-03-03', 86, 5, 1),
(1026, '2018-03-03', 86, 6, 1),
(1027, '2018-03-03', 86, 7, 1),
(1028, '2018-03-03', 86, 8, 1),
(1029, '2018-03-03', 86, 9, 1),
(1030, '2018-03-03', 86, 10, 1),
(1031, '2018-03-03', 86, 11, 1),
(1032, '2018-03-12', 86, 12, 2),
(1033, '2018-03-06', 87, 1, 1),
(1034, '2018-03-06', 87, 2, 1),
(1035, '2018-03-07', 87, 3, 1),
(1036, '2018-03-11', 87, 4, 1),
(1037, '2018-03-01', 87, 5, 1),
(1038, '2018-03-01', 87, 6, 1),
(1039, '2018-03-01', 87, 7, 1),
(1040, '2018-03-06', 87, 8, 1),
(1041, '2018-03-02', 87, 9, 1),
(1042, '2018-03-02', 87, 10, 1),
(1043, '2018-03-01', 87, 11, 1),
(1044, '2018-03-01', 87, 12, 1),
(1045, '2018-03-07', 88, 1, 1),
(1046, '2018-03-01', 88, 2, 1),
(1047, '2018-03-01', 88, 3, 1),
(1048, '2018-03-01', 88, 4, 1),
(1049, '2018-03-01', 88, 5, 1),
(1050, '2018-03-01', 88, 6, 1),
(1051, '2018-03-01', 88, 7, 1),
(1052, '2018-03-01', 88, 8, 1),
(1053, '2018-03-01', 88, 9, 1),
(1054, '2018-03-08', 88, 10, 1),
(1055, '2018-03-01', 88, 11, 1),
(1056, '2018-03-01', 88, 12, 1),
(1057, '2018-03-03', 89, 1, 1),
(1058, '2018-03-01', 89, 2, 1),
(1059, '2018-03-12', 89, 3, 1),
(1060, '2018-03-01', 89, 4, 1),
(1061, '2018-03-01', 89, 5, 1),
(1062, '2018-03-13', 89, 6, 1),
(1063, '2018-03-14', 89, 7, 1),
(1064, '2018-03-13', 89, 8, 1),
(1065, '2018-03-10', 89, 9, 1),
(1066, '2018-03-01', 89, 10, 1),
(1067, '2018-03-01', 89, 11, 1),
(1068, '2018-03-01', 89, 12, 1),
(1069, '2018-03-01', 90, 1, 1),
(1070, '2018-03-01', 90, 2, 1),
(1071, '2018-03-02', 90, 3, 1),
(1072, '2018-03-01', 90, 4, 1),
(1073, '2018-03-01', 90, 5, 1),
(1074, '2018-03-03', 90, 6, 1),
(1075, '2018-03-06', 90, 7, 1),
(1076, '2018-03-01', 90, 8, 1),
(1077, '2018-03-01', 90, 9, 1),
(1078, '2018-03-01', 90, 10, 1),
(1079, '2018-03-01', 90, 11, 1),
(1080, '2018-03-01', 90, 12, 1);

-- --------------------------------------------------------

--
-- Estructura de tabla para la tabla `piso`
--

CREATE TABLE `piso` (
  `ps_id` int(11) NOT NULL,
  `ps_numero` int(11) NOT NULL
) ENGINE=InnoDB DEFAULT CHARSET=utf8;

--
-- Volcado de datos para la tabla `piso`
--

INSERT INTO `piso` (`ps_id`, `ps_numero`) VALUES
(1, 6),
(2, 7),
(3, 8),
(4, 9),
(5, 10),
(6, 11),
(7, 12),
(8, 14),
(9, 15),
(10, 16);

-- --------------------------------------------------------

--
-- Estructura de tabla para la tabla `productos`
--

CREATE TABLE `productos` (
  `pd_id` int(11) NOT NULL,
  `pd_nombre` varchar(45) NOT NULL,
  `pd_categoria` varchar(15) NOT NULL
) ENGINE=InnoDB DEFAULT CHARSET=utf8;

--
-- Volcado de datos para la tabla `productos`
--

INSERT INTO `productos` (`pd_id`, `pd_nombre`, `pd_categoria`) VALUES
(1, 'Agua Mineral Sin Gas', 'Bebidas'),
(2, 'Agua Mineral Con Gas', 'Bebidas'),
(3, 'Coca Cola ', 'Bebidas'),
(4, 'Coca Cola Light', 'Bebidas'),
(5, 'Sprite Zero', 'Bebidas'),
(6, 'Jugo', 'Bebidas'),
(7, 'Chocolate', 'Dulces'),
(8, 'Kuky', 'Dulces'),
(9, 'Snickers', 'Dulces'),
(10, 'Papas', 'Dulces'),
(11, 'Cerveza Cristal ', 'Tragos'),
(12, 'Whisky', 'Tragos');

-- --------------------------------------------------------

--
-- Estructura de tabla para la tabla `registro`
--

CREATE TABLE `registro` (
  `r_id` int(11) NOT NULL,
  `r_fecha` date NOT NULL,
  `fk_usuario` int(11) NOT NULL,
  `fk_habitacion` int(11) NOT NULL
) ENGINE=InnoDB DEFAULT CHARSET=utf8;

--
-- Volcado de datos para la tabla `registro`
--

INSERT INTO `registro` (`r_id`, `r_fecha`, `fk_usuario`, `fk_habitacion`) VALUES
(1, '2018-03-01', 2, 1),
(2, '2018-03-01', 2, 13),
(3, '2018-03-01', 2, 17),
(4, '2018-03-01', 2, 18),
(5, '2018-03-01', 2, 21),
(6, '2018-03-01', 2, 23),
(7, '2018-03-01', 2, 24),
(8, '2018-03-01', 2, 25),
(9, '2018-03-01', 2, 27),
(10, '2018-03-01', 2, 28),
(11, '2018-03-01', 2, 29),
(12, '2018-03-01', 2, 33),
(13, '2018-03-01', 2, 35),
(14, '2018-03-01', 2, 43),
(15, '2018-03-01', 2, 44),
(16, '2018-03-01', 2, 59),
(17, '2018-03-01', 2, 52),
(18, '2018-03-01', 2, 67),
(19, '2018-03-01', 2, 68),
(20, '2018-03-01', 2, 68),
(21, '2018-03-01', 2, 69),
(22, '2018-03-01', 2, 76),
(23, '2018-03-01', 2, 79),
(24, '2018-03-01', 2, 83),
(25, '2018-03-01', 2, 85),
(26, '2018-03-01', 2, 86),
(27, '2018-03-01', 2, 87),
(28, '2018-03-01', 2, 90),
(29, '2018-03-02', 2, 1),
(30, '2018-03-02', 2, 1),
(31, '2018-03-02', 2, 13),
(32, '2018-03-02', 2, 45),
(33, '2018-03-02', 2, 17),
(34, '2018-03-02', 2, 18),
(35, '2018-03-02', 2, 21),
(36, '2018-03-02', 2, 23),
(37, '2018-03-02', 2, 24),
(38, '2018-03-02', 2, 25),
(39, '2018-03-02', 2, 27),
(40, '2018-03-02', 2, 28),
(41, '2018-03-02', 2, 29),
(42, '2018-03-02', 2, 33),
(43, '2018-03-02', 2, 35),
(44, '2018-03-02', 2, 43),
(45, '2018-03-02', 2, 44),
(46, '2018-03-02', 2, 45),
(47, '2018-03-02', 2, 52),
(48, '2018-03-02', 2, 59),
(49, '2018-03-02', 2, 67),
(50, '2018-03-02', 2, 68),
(51, '2018-03-02', 2, 69),
(52, '2018-03-02', 2, 68),
(53, '2018-03-02', 2, 76),
(54, '2018-03-02', 2, 79),
(55, '2018-03-02', 2, 83),
(56, '2018-03-02', 2, 83),
(57, '2018-03-02', 2, 85),
(58, '2018-03-02', 2, 86),
(59, '2018-03-02', 2, 87),
(60, '2018-03-02', 2, 90),
(61, '2018-03-03', 2, 13),
(62, '2018-03-03', 2, 15),
(63, '2018-03-03', 2, 17),
(64, '2018-03-03', 2, 18),
(65, '2018-03-03', 2, 23),
(66, '2018-03-03', 2, 24),
(67, '2018-03-03', 2, 27),
(68, '2018-03-03', 2, 28),
(69, '2018-03-03', 2, 33),
(70, '2018-03-03', 2, 35),
(71, '2018-03-03', 2, 44),
(72, '2018-03-03', 2, 45),
(73, '2018-03-03', 2, 52),
(74, '2018-03-03', 2, 53),
(75, '2018-03-03', 2, 59),
(76, '2018-03-03', 2, 67),
(77, '2018-03-03', 2, 68),
(78, '2018-03-03', 2, 68),
(79, '2018-03-03', 2, 69),
(80, '2018-03-03', 2, 79),
(81, '2018-03-03', 2, 81),
(82, '2018-03-03', 2, 82),
(83, '2018-03-03', 2, 83),
(84, '2018-03-03', 2, 86),
(85, '2018-03-03', 2, 89),
(86, '2018-03-03', 2, 90),
(87, '2018-03-05', 2, 2),
(88, '2018-03-05', 2, 4),
(89, '2018-03-05', 2, 5),
(90, '2018-03-05', 2, 10),
(91, '2018-03-05', 2, 13),
(92, '2018-03-05', 2, 18),
(93, '2018-03-05', 2, 21),
(94, '2018-03-05', 2, 24),
(95, '2018-03-05', 2, 27),
(96, '2018-03-05', 2, 28),
(97, '2018-03-05', 2, 29),
(98, '2018-03-05', 2, 33),
(99, '2018-03-05', 2, 35),
(100, '2018-03-05', 2, 43),
(101, '2018-03-05', 2, 44),
(102, '2018-03-05', 2, 47),
(103, '2018-03-05', 2, 52),
(104, '2018-03-05', 2, 53),
(105, '2018-03-05', 2, 54),
(106, '2018-03-05', 2, 59),
(107, '2018-03-05', 2, 60),
(108, '2018-03-05', 2, 64),
(109, '2018-03-05', 2, 67),
(110, '2018-03-05', 2, 68),
(111, '2018-03-05', 2, 69),
(112, '2018-03-05', 2, 71),
(113, '2018-03-05', 2, 74),
(114, '2018-03-05', 2, 84),
(115, '2018-03-06', 2, 2),
(116, '2018-03-06', 2, 4),
(117, '2018-03-06', 2, 5),
(118, '2018-03-06', 2, 8),
(119, '2018-03-06', 2, 13),
(120, '2018-03-06', 2, 20),
(121, '2018-03-06', 2, 26),
(122, '2018-03-06', 2, 27),
(123, '2018-03-06', 2, 29),
(124, '2018-03-06', 2, 33),
(125, '2018-03-06', 2, 35),
(126, '2018-03-06', 2, 40),
(127, '2018-03-06', 2, 42),
(128, '2018-03-06', 2, 44),
(129, '2018-03-06', 2, 46),
(130, '2018-03-06', 2, 47),
(131, '2018-03-06', 2, 49),
(132, '2018-03-06', 2, 53),
(133, '2018-03-06', 2, 54),
(134, '2018-03-06', 2, 59),
(135, '2018-03-06', 2, 60),
(136, '2018-03-06', 2, 65),
(137, '2018-03-06', 2, 68),
(138, '2018-03-06', 2, 68),
(139, '2018-03-06', 2, 69),
(140, '2018-03-06', 2, 71),
(141, '2018-03-06', 2, 73),
(142, '2018-03-06', 2, 74),
(143, '2018-03-06', 2, 80),
(144, '2018-03-06', 2, 81),
(145, '2018-03-06', 2, 86),
(146, '2018-03-06', 2, 87),
(147, '2018-03-06', 2, 89),
(148, '2018-03-06', 2, 90),
(149, '2018-03-07', 2, 5),
(150, '2018-03-07', 2, 8),
(151, '2018-03-07', 2, 11),
(152, '2018-03-07', 2, 13),
(153, '2018-03-07', 2, 15),
(154, '2018-03-07', 2, 20),
(155, '2018-03-07', 2, 22),
(156, '2018-03-07', 2, 25),
(157, '2018-03-07', 2, 26),
(158, '2018-03-07', 2, 27),
(159, '2018-03-07', 2, 33),
(160, '2018-03-07', 2, 35),
(161, '2018-03-07', 2, 39),
(162, '2018-03-07', 2, 40),
(163, '2018-03-07', 2, 48),
(164, '2018-03-07', 2, 49),
(165, '2018-03-07', 2, 53),
(166, '2018-03-07', 2, 54),
(167, '2018-03-07', 2, 59),
(168, '2018-03-07', 2, 60),
(169, '2018-03-07', 2, 61),
(170, '2018-03-07', 2, 65),
(171, '2018-03-07', 2, 69),
(172, '2018-03-07', 2, 71),
(173, '2018-03-07', 2, 74),
(174, '2018-03-07', 2, 86),
(175, '2018-03-07', 2, 87),
(176, '2018-03-07', 2, 88),
(177, '2018-03-07', 2, 89),
(178, '2018-03-08', 2, 1),
(179, '2018-03-08', 2, 7),
(180, '2018-03-08', 2, 8),
(181, '2018-03-08', 2, 13),
(182, '2018-03-08', 2, 14),
(183, '2018-03-08', 2, 15),
(184, '2018-03-08', 2, 15),
(185, '2018-03-08', 2, 20),
(186, '2018-03-08', 2, 21),
(187, '2018-03-08', 2, 22),
(188, '2018-03-08', 2, 27),
(189, '2018-03-08', 2, 31),
(190, '2018-03-08', 2, 34),
(191, '2018-03-08', 2, 35),
(192, '2018-03-08', 2, 39),
(193, '2018-03-08', 2, 40),
(194, '2018-03-08', 2, 42),
(195, '2018-03-08', 2, 48),
(196, '2018-03-08', 2, 53),
(197, '2018-03-08', 2, 54),
(198, '2018-03-08', 2, 59),
(199, '2018-03-08', 2, 60),
(200, '2018-03-08', 2, 61),
(201, '2018-03-08', 2, 65),
(202, '2018-03-08', 2, 68),
(203, '2018-03-08', 2, 70),
(204, '2018-03-08', 2, 73),
(205, '2018-03-08', 2, 74),
(206, '2018-03-08', 2, 76),
(207, '2018-03-08', 2, 80),
(208, '2018-03-08', 2, 83),
(209, '2018-03-08', 2, 85),
(210, '2018-03-08', 2, 86),
(211, '2018-03-08', 2, 87),
(212, '2018-03-08', 2, 88),
(213, '2018-03-09', 2, 2),
(214, '2018-03-09', 2, 5),
(215, '2018-03-09', 2, 11),
(216, '2018-03-09', 2, 13),
(217, '2018-03-09', 2, 14),
(218, '2018-03-09', 2, 15),
(219, '2018-03-09', 2, 19),
(220, '2018-03-09', 2, 20),
(221, '2018-03-09', 2, 21),
(222, '2018-03-09', 2, 25),
(223, '2018-03-09', 2, 26),
(224, '2018-03-09', 2, 27),
(225, '2018-03-09', 2, 30),
(226, '2018-03-09', 2, 33),
(227, '2018-03-09', 2, 34),
(228, '2018-03-09', 2, 36),
(229, '2018-03-09', 2, 39),
(230, '2018-03-09', 2, 41),
(231, '2018-03-09', 2, 42),
(232, '2018-03-09', 2, 48),
(233, '2018-03-09', 2, 54),
(234, '2018-03-09', 2, 57),
(235, '2018-03-09', 2, 60),
(236, '2018-03-09', 2, 65),
(237, '2018-03-09', 2, 69),
(238, '2018-03-09', 2, 70),
(239, '2018-03-09', 2, 73),
(240, '2018-03-09', 2, 74),
(241, '2018-03-09', 2, 76),
(242, '2018-03-09', 2, 79),
(243, '2018-03-09', 2, 80),
(244, '2018-03-09', 2, 81),
(245, '2018-03-09', 2, 83),
(246, '2018-03-09', 2, 85),
(247, '2018-03-09', 2, 86),
(248, '2018-03-09', 2, 89),
(249, '2018-03-10', 2, 7),
(250, '2018-03-10', 2, 13),
(251, '2018-03-10', 2, 15),
(252, '2018-03-10', 2, 19),
(253, '2018-03-10', 2, 20),
(254, '2018-03-10', 2, 21),
(255, '2018-03-10', 2, 25),
(256, '2018-03-10', 2, 26),
(257, '2018-03-10', 2, 27),
(258, '2018-03-10', 2, 31),
(259, '2018-03-10', 2, 36),
(260, '2018-03-10', 2, 48),
(261, '2018-03-10', 2, 53),
(262, '2018-03-10', 2, 54),
(263, '2018-03-10', 2, 55),
(264, '2018-03-10', 2, 60),
(265, '2018-03-10', 2, 62),
(266, '2018-03-10', 2, 64),
(267, '2018-03-10', 2, 65),
(268, '2018-03-10', 2, 66),
(269, '2018-03-10', 2, 69),
(270, '2018-03-10', 2, 74),
(271, '2018-03-10', 2, 80),
(272, '2018-03-10', 2, 81),
(273, '2018-03-10', 2, 83),
(274, '2018-03-10', 2, 85),
(275, '2018-03-10', 2, 86),
(276, '2018-03-10', 2, 89),
(277, '2018-03-11', 2, 1),
(278, '2018-03-11', 2, 2),
(279, '2018-03-11', 2, 7),
(280, '2018-03-11', 2, 9),
(281, '2018-03-11', 2, 10),
(282, '2018-03-11', 2, 11),
(283, '2018-03-11', 2, 13),
(284, '2018-03-11', 2, 14),
(285, '2018-03-11', 2, 15),
(286, '2018-03-11', 2, 19),
(287, '2018-03-11', 2, 20),
(288, '2018-03-11', 2, 21),
(289, '2018-03-11', 2, 25),
(290, '2018-03-11', 2, 26),
(291, '2018-03-11', 2, 27),
(292, '2018-03-11', 2, 31),
(293, '2018-03-11', 2, 47),
(294, '2018-03-11', 2, 50),
(295, '2018-03-11', 2, 51),
(296, '2018-03-11', 2, 53),
(297, '2018-03-11', 2, 54),
(298, '2018-03-11', 2, 55),
(299, '2018-03-11', 2, 58),
(300, '2018-03-11', 2, 60),
(301, '2018-03-11', 2, 60),
(302, '2018-03-11', 2, 65),
(303, '2018-03-11', 2, 69),
(304, '2018-03-11', 2, 71),
(305, '2018-03-11', 2, 74),
(306, '2018-03-11', 2, 81),
(307, '2018-03-11', 2, 83),
(308, '2018-03-11', 2, 85),
(309, '2018-03-11', 2, 86),
(310, '2018-03-11', 2, 87),
(311, '2018-03-12', 2, 5),
(312, '2018-03-12', 2, 13),
(313, '2018-03-12', 2, 14),
(314, '2018-03-12', 2, 17),
(315, '2018-03-12', 2, 16),
(316, '2018-03-12', 2, 20),
(317, '2018-03-12', 2, 21),
(318, '2018-03-12', 2, 22),
(319, '2018-03-12', 2, 24),
(320, '2018-03-12', 2, 26),
(321, '2018-03-12', 2, 27),
(322, '2018-03-12', 2, 29),
(323, '2018-03-12', 2, 31),
(324, '2018-03-12', 2, 35),
(325, '2018-03-12', 2, 42),
(326, '2018-03-12', 2, 49),
(327, '2018-03-12', 2, 51),
(328, '2018-03-12', 2, 53),
(329, '2018-03-12', 2, 54),
(330, '2018-03-12', 2, 58),
(331, '2018-03-12', 2, 60),
(332, '2018-03-12', 2, 64),
(333, '2018-03-12', 2, 65),
(334, '2018-03-12', 2, 69),
(335, '2018-03-12', 2, 74),
(336, '2018-03-12', 2, 76),
(337, '2018-03-12', 2, 81),
(338, '2018-03-12', 2, 83),
(339, '2018-03-12', 2, 83),
(340, '2018-03-12', 2, 86),
(341, '2018-03-12', 2, 89),
(342, '2018-03-13', 2, 12),
(343, '2018-03-13', 2, 22),
(344, '2018-03-13', 2, 26),
(345, '2018-03-13', 2, 27),
(346, '2018-03-13', 2, 31),
(347, '2018-03-13', 2, 35),
(348, '2018-03-13', 2, 48),
(349, '2018-03-13', 2, 49),
(350, '2018-03-13', 2, 51),
(351, '2018-03-13', 2, 53),
(352, '2018-03-13', 2, 54),
(353, '2018-03-13', 2, 67),
(354, '2018-03-13', 2, 74),
(355, '2018-03-13', 2, 79),
(356, '2018-03-13', 2, 80),
(357, '2018-03-13', 2, 85),
(358, '2018-03-13', 2, 89),
(359, '2018-03-14', 2, 2),
(360, '2018-03-14', 2, 9),
(361, '2018-03-14', 2, 12),
(362, '2018-03-14', 2, 12),
(363, '2018-03-14', 2, 13),
(364, '2018-03-14', 2, 14),
(365, '2018-03-14', 2, 17),
(366, '2018-03-14', 2, 20),
(367, '2018-03-14', 2, 22),
(368, '2018-03-14', 2, 23),
(369, '2018-03-14', 2, 26),
(370, '2018-03-14', 2, 27),
(371, '2018-03-14', 2, 34),
(372, '2018-03-14', 2, 35),
(373, '2018-03-14', 2, 36),
(374, '2018-03-14', 2, 39),
(375, '2018-03-14', 2, 44),
(376, '2018-03-14', 2, 51),
(377, '2018-03-14', 2, 62),
(378, '2018-03-14', 2, 66),
(379, '2018-03-14', 2, 67),
(380, '2018-03-14', 2, 69),
(381, '2018-03-14', 2, 71),
(382, '2018-03-14', 2, 74),
(383, '2018-03-14', 2, 77),
(384, '2018-03-14', 2, 79),
(385, '2018-03-14', 2, 89),
(386, '2018-03-15', 2, 1);

-- --------------------------------------------------------

--
-- Estructura de tabla para la tabla `stock`
--

CREATE TABLE `stock` (
  `s_id` int(11) NOT NULL,
  `fk_estado` int(11) NOT NULL,
  `fk_producto` int(11) NOT NULL,
  `fk_registro` int(11) NOT NULL
) ENGINE=InnoDB DEFAULT CHARSET=utf8 COLLATE=utf8_spanish_ci;

--
-- Volcado de datos para la tabla `stock`
--

INSERT INTO `stock` (`s_id`, `fk_estado`, `fk_producto`, `fk_registro`) VALUES
(1, 1, 1, 1),
(2, 1, 3, 1),
(3, 1, 7, 1),
(4, 1, 8, 1),
(5, 3, 6, 2),
(11, 3, 6, 3),
(19, 1, 2, 4),
(21, 1, 4, 4),
(22, 1, 5, 4),
(23, 3, 6, 4),
(24, 1, 7, 4),
(26, 1, 9, 4),
(31, 1, 2, 5),
(43, 1, 2, 6),
(59, 3, 6, 7),
(67, 1, 2, 8),
(83, 3, 6, 9),
(95, 3, 6, 10),
(103, 1, 2, 11),
(113, 1, 12, 11),
(114, 1, 1, 12),
(119, 3, 6, 12),
(130, 2, 5, 13),
(139, 1, 2, 14),
(142, 1, 5, 14),
(146, 1, 9, 14),
(147, 1, 10, 14),
(155, 3, 6, 15),
(162, 1, 1, 16),
(179, 3, 6, 17),
(187, 1, 2, 18),
(191, 3, 6, 18),
(203, 3, 6, 19),
(214, 1, 5, 20),
(217, 1, 8, 20),
(221, 1, 12, 20),
(224, 1, 3, 21),
(226, 1, 5, 21),
(227, 1, 6, 21),
(230, 1, 9, 21),
(232, 1, 11, 21),
(237, 1, 4, 22),
(247, 1, 2, 23),
(251, 3, 6, 23),
(253, 1, 8, 23),
(255, 1, 10, 23),
(259, 1, 2, 24),
(262, 1, 5, 24),
(264, 1, 7, 24),
(266, 1, 9, 24),
(272, 1, 3, 25),
(278, 1, 9, 25),
(279, 1, 10, 25),
(280, 1, 11, 25),
(281, 1, 12, 25),
(287, 3, 6, 26),
(295, 1, 2, 27),
(302, 1, 9, 27),
(303, 1, 10, 27),
(308, 1, 3, 28),
(311, 3, 6, 28),
(318, 1, 1, 29),
(324, 1, 7, 29),
(333, 1, 4, 30),
(337, 1, 8, 30),
(347, 3, 6, 31),
(359, 3, 6, 32),
(371, 3, 6, 33),
(379, 1, 2, 34),
(381, 1, 4, 34),
(382, 1, 5, 34),
(383, 3, 6, 34),
(384, 1, 7, 34),
(386, 1, 9, 34),
(391, 1, 2, 35),
(403, 1, 2, 36),
(419, 3, 6, 37),
(427, 1, 2, 38),
(443, 3, 6, 39),
(455, 3, 6, 40),
(463, 1, 2, 41),
(473, 1, 12, 41),
(474, 1, 1, 42),
(479, 3, 6, 42),
(490, 2, 5, 43),
(499, 1, 2, 44),
(502, 1, 5, 44),
(506, 1, 9, 44),
(507, 1, 10, 44),
(520, 1, 11, 45),
(539, 3, 6, 47),
(546, 1, 1, 48),
(559, 1, 2, 49),
(563, 3, 6, 49),
(575, 3, 6, 50),
(584, 1, 3, 51),
(586, 1, 5, 51),
(587, 1, 6, 51),
(590, 1, 9, 51),
(592, 1, 11, 51),
(598, 1, 5, 52),
(601, 1, 8, 52),
(605, 1, 12, 52),
(609, 1, 4, 53),
(619, 1, 2, 54),
(623, 3, 6, 54),
(625, 1, 8, 54),
(627, 1, 10, 54),
(631, 1, 2, 55),
(646, 1, 5, 56),
(648, 1, 7, 56),
(650, 1, 9, 56),
(656, 1, 3, 57),
(662, 1, 9, 57),
(663, 1, 10, 57),
(664, 1, 11, 57),
(665, 1, 12, 57),
(671, 3, 6, 58),
(679, 1, 2, 59),
(686, 1, 9, 59),
(687, 1, 10, 59),
(692, 1, 3, 60),
(695, 3, 6, 60),
(707, 2, 6, 61),
(713, 3, 12, 61),
(715, 1, 2, 62),
(731, 2, 6, 63),
(739, 1, 2, 64),
(743, 2, 6, 64),
(751, 1, 2, 65),
(767, 2, 6, 66),
(774, 1, 1, 67),
(775, 1, 2, 67),
(779, 2, 6, 67),
(780, 1, 7, 67),
(783, 1, 10, 67),
(785, 3, 12, 67),
(791, 2, 6, 68),
(798, 1, 1, 69),
(803, 3, 6, 69),
(814, 2, 5, 70),
(822, 1, 1, 71),
(825, 1, 4, 71),
(832, 1, 11, 71),
(839, 2, 6, 72),
(851, 2, 6, 73),
(858, 1, 1, 74),
(870, 1, 1, 75),
(887, 2, 6, 76),
(899, 3, 6, 77),
(910, 1, 5, 78),
(913, 1, 8, 78),
(917, 1, 12, 78),
(920, 1, 3, 79),
(922, 1, 5, 79),
(923, 1, 6, 79),
(926, 1, 9, 79),
(928, 1, 11, 79),
(935, 2, 6, 80),
(950, 1, 9, 81),
(955, 1, 2, 82),
(960, 1, 7, 82),
(961, 1, 8, 82),
(962, 1, 9, 82),
(967, 1, 2, 83),
(970, 1, 5, 83),
(972, 1, 7, 83),
(974, 1, 9, 83),
(978, 1, 1, 84),
(979, 1, 2, 84),
(980, 1, 3, 84),
(981, 1, 4, 84),
(982, 1, 5, 84),
(983, 2, 6, 84),
(984, 1, 7, 84),
(985, 1, 8, 84),
(986, 1, 9, 84),
(987, 1, 10, 84),
(988, 1, 11, 84),
(990, 1, 1, 85),
(1007, 2, 6, 86),
(1021, 1, 8, 87),
(1027, 1, 2, 88),
(1044, 1, 7, 89),
(1055, 1, 6, 90),
(1058, 1, 9, 90),
(1060, 1, 11, 90),
(1073, 3, 12, 91),
(1075, 1, 2, 92),
(1079, 2, 6, 92),
(1087, 1, 2, 93),
(1094, 1, 9, 93),
(1103, 2, 6, 94),
(1111, 1, 2, 95),
(1115, 1, 6, 95),
(1121, 3, 12, 95),
(1127, 2, 6, 96),
(1135, 1, 2, 97),
(1147, 1, 2, 98),
(1151, 2, 6, 98),
(1154, 1, 9, 98),
(1162, 1, 5, 99),
(1171, 1, 2, 100),
(1178, 1, 9, 100),
(1179, 1, 10, 100),
(1180, 1, 11, 100),
(1185, 1, 4, 101),
(1192, 1, 11, 101),
(1196, 1, 3, 102),
(1211, 2, 6, 103),
(1218, 1, 1, 104),
(1235, 1, 6, 105),
(1236, 1, 7, 105),
(1237, 1, 8, 105),
(1240, 1, 11, 105),
(1242, 1, 1, 106),
(1258, 1, 5, 107),
(1270, 1, 5, 108),
(1273, 1, 8, 108),
(1283, 2, 6, 109),
(1294, 1, 5, 110),
(1295, 3, 6, 110),
(1297, 1, 8, 110),
(1301, 1, 12, 110),
(1304, 1, 3, 111),
(1306, 1, 5, 111),
(1307, 1, 6, 111),
(1310, 1, 9, 111),
(1312, 1, 11, 111),
(1320, 1, 7, 112),
(1321, 1, 8, 112),
(1322, 1, 9, 112),
(1326, 1, 1, 113),
(1328, 1, 3, 113),
(1329, 1, 4, 113),
(1331, 1, 6, 113),
(1332, 1, 7, 113),
(1334, 1, 9, 113),
(1335, 1, 10, 113),
(1338, 1, 1, 114),
(1357, 1, 8, 115),
(1363, 1, 2, 116),
(1380, 1, 7, 117),
(1386, 1, 1, 118),
(1409, 3, 12, 119),
(1411, 1, 2, 120),
(1420, 1, 11, 120),
(1422, 1, 1, 121),
(1423, 1, 2, 121),
(1424, 1, 3, 121),
(1425, 1, 4, 121),
(1426, 1, 5, 121),
(1427, 1, 6, 121),
(1428, 1, 7, 121),
(1429, 1, 8, 121),
(1430, 1, 9, 121),
(1432, 1, 11, 121),
(1433, 1, 12, 121),
(1445, 3, 12, 122),
(1447, 1, 2, 123),
(1449, 1, 4, 123),
(1458, 1, 1, 124),
(1473, 1, 4, 125),
(1485, 1, 4, 126),
(1495, 1, 2, 127),
(1501, 1, 8, 127),
(1503, 1, 10, 127),
(1516, 1, 11, 128),
(1519, 1, 2, 129),
(1532, 1, 3, 130),
(1552, 1, 11, 131),
(1556, 1, 3, 132),
(1576, 1, 11, 133),
(1578, 1, 1, 134),
(1590, 1, 1, 135),
(1595, 1, 6, 135),
(1606, 1, 5, 136),
(1619, 3, 6, 137),
(1630, 1, 5, 138),
(1633, 1, 8, 138),
(1637, 1, 12, 138),
(1640, 1, 3, 139),
(1642, 1, 5, 139),
(1643, 1, 6, 139),
(1646, 1, 9, 139),
(1648, 1, 11, 139),
(1650, 1, 1, 140),
(1651, 1, 2, 140),
(1662, 1, 1, 141),
(1663, 1, 2, 141),
(1672, 1, 11, 141),
(1674, 1, 1, 142),
(1680, 1, 7, 142),
(1692, 1, 7, 143),
(1693, 1, 8, 143),
(1698, 1, 1, 144),
(1701, 1, 4, 144),
(1721, 3, 12, 145),
(1722, 1, 1, 146),
(1723, 1, 2, 146),
(1724, 1, 3, 146),
(1729, 1, 8, 146),
(1736, 1, 3, 147),
(1742, 1, 9, 147),
(1752, 1, 7, 148),
(1763, 1, 6, 149),
(1764, 1, 7, 149),
(1770, 1, 1, 150),
(1782, 1, 1, 151),
(1805, 3, 12, 152),
(1806, 1, 1, 153),
(1819, 1, 2, 154),
(1828, 1, 11, 154),
(1831, 1, 2, 155),
(1842, 1, 1, 156),
(1854, 1, 1, 157),
(1855, 1, 2, 157),
(1856, 1, 3, 157),
(1857, 1, 4, 157),
(1858, 1, 5, 157),
(1859, 1, 6, 157),
(1860, 1, 7, 157),
(1861, 1, 8, 157),
(1862, 1, 9, 157),
(1864, 1, 11, 157),
(1865, 1, 12, 157),
(1877, 3, 12, 158),
(1878, 1, 1, 159),
(1883, 1, 6, 159),
(1892, 1, 3, 160),
(1907, 1, 6, 161),
(1908, 1, 7, 161),
(1918, 1, 5, 162),
(1919, 1, 6, 162),
(1932, 1, 7, 163),
(1948, 1, 11, 164),
(1950, 1, 1, 165),
(1951, 1, 2, 165),
(1953, 1, 4, 165),
(1954, 1, 5, 165),
(1955, 1, 6, 165),
(1956, 1, 7, 165),
(1957, 1, 8, 165),
(1958, 1, 9, 165),
(1959, 1, 10, 165),
(1972, 1, 11, 166),
(1974, 1, 1, 167),
(1975, 1, 2, 167),
(1980, 1, 7, 167),
(1981, 1, 8, 167),
(1986, 1, 1, 168),
(1991, 1, 6, 168),
(1995, 1, 10, 168),
(1998, 1, 1, 169),
(2010, 1, 1, 170),
(2014, 1, 5, 170),
(2022, 1, 1, 171),
(2023, 1, 2, 171),
(2024, 1, 3, 171),
(2025, 1, 4, 171),
(2026, 1, 5, 171),
(2027, 1, 6, 171),
(2029, 1, 8, 171),
(2032, 1, 11, 171),
(2034, 1, 1, 172),
(2035, 1, 2, 172),
(2042, 1, 9, 172),
(2046, 1, 1, 173),
(2056, 1, 11, 173),
(2069, 3, 12, 174),
(2072, 1, 3, 175),
(2082, 1, 1, 176),
(2099, 1, 6, 177),
(2100, 1, 7, 177),
(2113, 1, 8, 178),
(2115, 1, 10, 178),
(2124, 1, 7, 179),
(2135, 1, 6, 180),
(2139, 1, 10, 180),
(2153, 3, 12, 181),
(2154, 1, 1, 182),
(2168, 1, 3, 183),
(2184, 1, 7, 184),
(2191, 1, 2, 185),
(2200, 1, 11, 185),
(2213, 3, 12, 186),
(2215, 1, 2, 187),
(2237, 3, 12, 188),
(2238, 1, 1, 189),
(2246, 1, 9, 189),
(2252, 1, 3, 190),
(2264, 1, 3, 191),
(2279, 1, 6, 192),
(2280, 1, 7, 192),
(2290, 1, 5, 193),
(2307, 1, 10, 194),
(2316, 1, 7, 195),
(2322, 1, 1, 196),
(2323, 1, 2, 196),
(2325, 1, 4, 196),
(2326, 1, 5, 196),
(2327, 1, 6, 196),
(2328, 1, 7, 196),
(2329, 1, 8, 196),
(2330, 1, 9, 196),
(2331, 1, 10, 196),
(2344, 1, 11, 197),
(2346, 1, 1, 198),
(2347, 1, 2, 198),
(2352, 1, 7, 198),
(2353, 1, 8, 198),
(2355, 1, 10, 198),
(2362, 1, 5, 199),
(2363, 1, 6, 199),
(2365, 1, 8, 199),
(2377, 1, 8, 200),
(2379, 1, 10, 200),
(2382, 1, 1, 201),
(2386, 1, 5, 201),
(2398, 1, 5, 202),
(2401, 1, 8, 202),
(2402, 1, 9, 202),
(2405, 1, 12, 202),
(2409, 1, 4, 203),
(2412, 1, 7, 203),
(2426, 1, 9, 204),
(2436, 1, 7, 205),
(2442, 1, 1, 206),
(2443, 1, 2, 206),
(2452, 1, 11, 206),
(2460, 1, 7, 207),
(2461, 1, 8, 207),
(2477, 3, 12, 208),
(2488, 1, 11, 209),
(2501, 3, 12, 210),
(2505, 1, 4, 211),
(2523, 1, 10, 212),
(2529, 1, 4, 213),
(2544, 1, 7, 214),
(2545, 1, 8, 214),
(2551, 1, 2, 215),
(2566, 1, 5, 216),
(2567, 1, 6, 216),
(2573, 3, 12, 216),
(2574, 1, 1, 217),
(2588, 1, 3, 218),
(2598, 1, 1, 219),
(2604, 1, 7, 219),
(2610, 1, 1, 220),
(2620, 1, 11, 220),
(2621, 3, 12, 220),
(2633, 3, 12, 221),
(2642, 1, 9, 222),
(2657, 3, 12, 223),
(2669, 3, 12, 224),
(2670, 1, 1, 225),
(2671, 1, 2, 225),
(2683, 1, 2, 226),
(2689, 1, 8, 226),
(2694, 1, 1, 227),
(2707, 1, 2, 228),
(2712, 1, 7, 228),
(2720, 1, 3, 229),
(2723, 1, 6, 229),
(2739, 1, 10, 230),
(2746, 1, 5, 231),
(2760, 1, 7, 232),
(2776, 1, 11, 233),
(2787, 1, 10, 234),
(2794, 1, 5, 235),
(2797, 1, 8, 235),
(2802, 1, 1, 236),
(2806, 1, 5, 236),
(2815, 1, 2, 237),
(2816, 1, 3, 237),
(2821, 1, 8, 237),
(2823, 1, 10, 237),
(2824, 1, 11, 237),
(2829, 1, 4, 238),
(2832, 1, 7, 238),
(2846, 1, 9, 239),
(2856, 1, 7, 240),
(2857, 1, 8, 240),
(2863, 1, 2, 241),
(2865, 1, 4, 241),
(2867, 1, 6, 241),
(2877, 1, 4, 242),
(2892, 1, 7, 243),
(2898, 1, 1, 244),
(2921, 3, 12, 245),
(2929, 1, 8, 246),
(2945, 3, 12, 247),
(2948, 1, 3, 248),
(2951, 1, 6, 248),
(2954, 1, 9, 248),
(2965, 1, 8, 249),
(2973, 1, 4, 250),
(2975, 1, 6, 250),
(2981, 3, 12, 250),
(2982, 1, 1, 251),
(2994, 1, 1, 252),
(3000, 1, 7, 252),
(3006, 1, 1, 253),
(3016, 1, 11, 253),
(3017, 3, 12, 253),
(3029, 3, 12, 254),
(3038, 1, 9, 255),
(3053, 3, 12, 256),
(3065, 3, 12, 257),
(3067, 1, 2, 258),
(3069, 1, 4, 258),
(3070, 1, 5, 258),
(3075, 1, 10, 258),
(3079, 1, 2, 259),
(3084, 1, 7, 259),
(3095, 1, 6, 260),
(3113, 3, 12, 261),
(3114, 1, 1, 262),
(3124, 1, 11, 262),
(3132, 1, 7, 263),
(3142, 1, 5, 264),
(3143, 1, 6, 264),
(3145, 1, 8, 264),
(3150, 1, 1, 265),
(3164, 1, 3, 266),
(3174, 1, 1, 267),
(3177, 1, 4, 267),
(3178, 1, 5, 267),
(3186, 1, 1, 268),
(3199, 1, 2, 269),
(3207, 1, 10, 269),
(3208, 1, 11, 269),
(3216, 1, 7, 270),
(3217, 1, 8, 270),
(3218, 1, 9, 270),
(3229, 1, 8, 271),
(3234, 1, 1, 272),
(3257, 3, 12, 273),
(3258, 1, 1, 274),
(3265, 1, 8, 274),
(3281, 3, 12, 275),
(3284, 1, 3, 276),
(3287, 1, 6, 276),
(3290, 1, 9, 276),
(3295, 1, 2, 277),
(3309, 1, 4, 278),
(3325, 1, 8, 279),
(3332, 1, 3, 280),
(3346, 1, 5, 281),
(3354, 1, 1, 282),
(3362, 1, 9, 282),
(3369, 1, 4, 283),
(3377, 3, 12, 283),
(3379, 1, 2, 284),
(3390, 1, 1, 285),
(3402, 1, 1, 286),
(3408, 1, 7, 286),
(3415, 1, 2, 287),
(3424, 1, 11, 287),
(3425, 3, 12, 287),
(3436, 1, 11, 288),
(3437, 3, 12, 288),
(3438, 1, 1, 289),
(3461, 3, 12, 290),
(3473, 3, 12, 291),
(3474, 1, 1, 292),
(3475, 1, 2, 292),
(3488, 1, 3, 293),
(3501, 1, 4, 294),
(3505, 1, 8, 294),
(3513, 1, 4, 295),
(3514, 1, 5, 295),
(3518, 1, 9, 295),
(3519, 1, 10, 295),
(3533, 3, 12, 296),
(3544, 1, 11, 297),
(3552, 1, 7, 298),
(3553, 1, 8, 298),
(3564, 1, 7, 299),
(3570, 1, 1, 300),
(3586, 1, 5, 301),
(3595, 1, 2, 302),
(3597, 1, 4, 302),
(3598, 1, 5, 302),
(3607, 1, 2, 303),
(3609, 1, 4, 303),
(3610, 1, 5, 303),
(3613, 1, 8, 303),
(3616, 1, 11, 303),
(3618, 1, 1, 304),
(3619, 1, 2, 304),
(3636, 1, 7, 305),
(3637, 1, 8, 305),
(3638, 1, 9, 305),
(3642, 1, 1, 306),
(3665, 3, 12, 307),
(3666, 1, 1, 308),
(3667, 1, 2, 308),
(3675, 1, 10, 308),
(3689, 3, 12, 309),
(3693, 1, 4, 310),
(3707, 1, 6, 311),
(3709, 1, 8, 311),
(3725, 3, 12, 312),
(3727, 1, 2, 313),
(3757, 1, 8, 315),
(3763, 1, 2, 316),
(3772, 1, 11, 316),
(3773, 3, 12, 316),
(3785, 3, 12, 317),
(3787, 1, 2, 318),
(3799, 1, 2, 319),
(3801, 1, 4, 319),
(3821, 3, 12, 320),
(3833, 3, 12, 321),
(3835, 1, 2, 322),
(3857, 3, 12, 323),
(3858, 2, 1, 324),
(3859, 2, 2, 324),
(3861, 2, 4, 324),
(3862, 2, 5, 324),
(3864, 1, 7, 324),
(3871, 1, 2, 325),
(3874, 1, 5, 325),
(3889, 1, 8, 326),
(3897, 1, 4, 327),
(3898, 1, 5, 327),
(3902, 1, 9, 327),
(3903, 1, 10, 327),
(3917, 3, 12, 328),
(3928, 1, 11, 329),
(3932, 1, 3, 330),
(3936, 1, 7, 330),
(3947, 1, 6, 331),
(3949, 1, 8, 331),
(3955, 1, 2, 332),
(3966, 1, 1, 333),
(3967, 1, 2, 333),
(3970, 1, 5, 333),
(3972, 1, 7, 333),
(3979, 1, 2, 334),
(3981, 1, 4, 334),
(3982, 1, 5, 334),
(3985, 1, 8, 334),
(3988, 1, 11, 334),
(3990, 1, 1, 335),
(3993, 1, 4, 335),
(3996, 1, 7, 335),
(3997, 1, 8, 335),
(3998, 1, 9, 335),
(3999, 1, 10, 335),
(4000, 1, 11, 335),
(4004, 1, 3, 336),
(4008, 1, 7, 336),
(4014, 1, 1, 337),
(4049, 3, 12, 339),
(4061, 3, 12, 340),
(4064, 1, 3, 341),
(4074, 1, 1, 342),
(4081, 1, 8, 342),
(4087, 1, 2, 343),
(4101, 1, 4, 344),
(4103, 1, 6, 344),
(4104, 1, 7, 344),
(4105, 1, 8, 344),
(4107, 1, 10, 344),
(4109, 3, 12, 344),
(4121, 3, 12, 345),
(4124, 1, 3, 346),
(4131, 1, 10, 346),
(4134, 1, 1, 347),
(4140, 1, 7, 347),
(4148, 1, 3, 348),
(4161, 1, 4, 349),
(4178, 1, 9, 350),
(4183, 1, 2, 351),
(4195, 1, 2, 352),
(4206, 1, 1, 353),
(4224, 1, 7, 354),
(4233, 1, 4, 355),
(4234, 1, 5, 355),
(4248, 1, 7, 356),
(4262, 1, 9, 357),
(4271, 1, 6, 358),
(4273, 1, 8, 358),
(4279, 1, 2, 359),
(4281, 1, 4, 359),
(4299, 1, 10, 360),
(4314, 1, 1, 362),
(4326, 1, 1, 363),
(4331, 1, 6, 363),
(4341, 1, 4, 364),
(4351, 1, 2, 365),
(4362, 1, 1, 366),
(4363, 1, 2, 366),
(4372, 1, 11, 366),
(4375, 1, 2, 367),
(4386, 1, 1, 368),
(4398, 1, 1, 369),
(4401, 1, 4, 369),
(4403, 1, 6, 369),
(4405, 1, 8, 369),
(4406, 1, 9, 369),
(4409, 3, 12, 369),
(4421, 3, 12, 370),
(4422, 1, 1, 371),
(4440, 1, 7, 372),
(4444, 1, 11, 372),
(4450, 1, 5, 373),
(4459, 1, 2, 374),
(4470, 1, 1, 375),
(4471, 1, 2, 375),
(4473, 1, 4, 375),
(4474, 1, 5, 375),
(4475, 1, 6, 375),
(4477, 1, 8, 375),
(4480, 1, 11, 375),
(4490, 1, 9, 376),
(4496, 1, 3, 377),
(4507, 1, 2, 378),
(4517, 1, 12, 378),
(4518, 1, 1, 379),
(4530, 1, 1, 380),
(4531, 1, 2, 380),
(4532, 1, 3, 380),
(4533, 1, 4, 380),
(4534, 1, 5, 380),
(4535, 1, 6, 380),
(4537, 1, 8, 380),
(4538, 1, 9, 380),
(4540, 1, 11, 380),
(4543, 1, 2, 381),
(4558, 1, 5, 382),
(4560, 1, 7, 382),
(4561, 1, 8, 382),
(4574, 1, 9, 383),
(4578, 1, 1, 384),
(4581, 1, 4, 384),
(4582, 1, 5, 384),
(4596, 1, 7, 385),
(4602, 1, 1, 386),
(4608, 1, 7, 386);

-- --------------------------------------------------------

--
-- Estructura de tabla para la tabla `tipo`
--

CREATE TABLE `tipo` (
  `t_id` int(11) NOT NULL,
  `t_tipo` varchar(45) NOT NULL
) ENGINE=InnoDB DEFAULT CHARSET=utf8;

--
-- Volcado de datos para la tabla `tipo`
--

INSERT INTO `tipo` (`t_id`, `t_tipo`) VALUES
(1, 'Usuario'),
(2, 'Administrador');

-- --------------------------------------------------------

--
-- Estructura de tabla para la tabla `total`
--

CREATE TABLE `total` (
  `to_id` int(11) NOT NULL,
  `to_stock` varchar(15) NOT NULL
) ENGINE=InnoDB DEFAULT CHARSET=utf8;

--
-- Volcado de datos para la tabla `total`
--

INSERT INTO `total` (`to_id`, `to_stock`) VALUES
(1, 'Disponible'),
(2, 'No Disponible');

-- --------------------------------------------------------

--
-- Estructura de tabla para la tabla `usuario`
--

CREATE TABLE `usuario` (
  `u_id` int(11) NOT NULL,
  `u_nombre` varchar(45) NOT NULL,
  `u_username` varchar(45) NOT NULL,
  `u_password` varchar(15) NOT NULL,
  `fk_tipo` int(11) NOT NULL
) ENGINE=InnoDB DEFAULT CHARSET=utf8;

--
-- Volcado de datos para la tabla `usuario`
--

INSERT INTO `usuario` (`u_id`, `u_nombre`, `u_username`, `u_password`, `fk_tipo`) VALUES
(2, 'Loren Alvarado', 'MINIBAR', '2018', 1);

--
-- Índices para tablas volcadas
--

--
-- Indices de la tabla `estado`
--
ALTER TABLE `estado`
  ADD PRIMARY KEY (`e_id`),
  ADD UNIQUE KEY `e_sigla_UNIQUE` (`e_sigla`);

--
-- Indices de la tabla `evaluacion`
--
ALTER TABLE `evaluacion`
  ADD PRIMARY KEY (`ev_id`);

--
-- Indices de la tabla `frigobar`
--
ALTER TABLE `frigobar`
  ADD PRIMARY KEY (`f_id`),
  ADD KEY `fk_registro_idx` (`fk_registro`),
  ADD KEY `fk_evaluacion_idx` (`fk_evaluacion`);

--
-- Indices de la tabla `habitaciones`
--
ALTER TABLE `habitaciones`
  ADD PRIMARY KEY (`h_id`),
  ADD KEY `fk_id_piso_idx` (`fk_piso`);

--
-- Indices de la tabla `inventario`
--
ALTER TABLE `inventario`
  ADD PRIMARY KEY (`in_id`),
  ADD KEY `producto-inventario` (`in_fk_producto`),
  ADD KEY `habitacion-inventario` (`in_fk_habitacion`),
  ADD KEY `total-inventario` (`fk_total`);

--
-- Indices de la tabla `piso`
--
ALTER TABLE `piso`
  ADD PRIMARY KEY (`ps_id`);

--
-- Indices de la tabla `productos`
--
ALTER TABLE `productos`
  ADD PRIMARY KEY (`pd_id`);

--
-- Indices de la tabla `registro`
--
ALTER TABLE `registro`
  ADD PRIMARY KEY (`r_id`),
  ADD KEY `fk_usuario_idx` (`fk_usuario`),
  ADD KEY `fk_habitacion_idx` (`fk_habitacion`);

--
-- Indices de la tabla `stock`
--
ALTER TABLE `stock`
  ADD PRIMARY KEY (`s_id`),
  ADD KEY `fk_estado_idx` (`fk_estado`),
  ADD KEY `fk_producto_idx` (`fk_producto`),
  ADD KEY `fk_registro_idx` (`fk_registro`),
  ADD KEY `producto_idx` (`fk_producto`);

--
-- Indices de la tabla `tipo`
--
ALTER TABLE `tipo`
  ADD PRIMARY KEY (`t_id`);

--
-- Indices de la tabla `total`
--
ALTER TABLE `total`
  ADD PRIMARY KEY (`to_id`);

--
-- Indices de la tabla `usuario`
--
ALTER TABLE `usuario`
  ADD PRIMARY KEY (`u_id`),
  ADD KEY `tipo_idx` (`fk_tipo`);

--
-- AUTO_INCREMENT de las tablas volcadas
--

--
-- AUTO_INCREMENT de la tabla `estado`
--
ALTER TABLE `estado`
  MODIFY `e_id` int(11) NOT NULL AUTO_INCREMENT, AUTO_INCREMENT=4;

--
-- AUTO_INCREMENT de la tabla `evaluacion`
--
ALTER TABLE `evaluacion`
  MODIFY `ev_id` int(11) NOT NULL AUTO_INCREMENT, AUTO_INCREMENT=4;

--
-- AUTO_INCREMENT de la tabla `frigobar`
--
ALTER TABLE `frigobar`
  MODIFY `f_id` int(11) NOT NULL AUTO_INCREMENT, AUTO_INCREMENT=3;

--
-- AUTO_INCREMENT de la tabla `habitaciones`
--
ALTER TABLE `habitaciones`
  MODIFY `h_id` int(11) NOT NULL AUTO_INCREMENT, AUTO_INCREMENT=91;

--
-- AUTO_INCREMENT de la tabla `inventario`
--
ALTER TABLE `inventario`
  MODIFY `in_id` int(11) NOT NULL AUTO_INCREMENT, AUTO_INCREMENT=1081;

--
-- AUTO_INCREMENT de la tabla `piso`
--
ALTER TABLE `piso`
  MODIFY `ps_id` int(11) NOT NULL AUTO_INCREMENT, AUTO_INCREMENT=11;

--
-- AUTO_INCREMENT de la tabla `productos`
--
ALTER TABLE `productos`
  MODIFY `pd_id` int(11) NOT NULL AUTO_INCREMENT, AUTO_INCREMENT=13;

--
-- AUTO_INCREMENT de la tabla `registro`
--
ALTER TABLE `registro`
  MODIFY `r_id` int(11) NOT NULL AUTO_INCREMENT, AUTO_INCREMENT=387;

--
-- AUTO_INCREMENT de la tabla `stock`
--
ALTER TABLE `stock`
  MODIFY `s_id` int(11) NOT NULL AUTO_INCREMENT, AUTO_INCREMENT=4614;

--
-- AUTO_INCREMENT de la tabla `tipo`
--
ALTER TABLE `tipo`
  MODIFY `t_id` int(11) NOT NULL AUTO_INCREMENT, AUTO_INCREMENT=3;

--
-- AUTO_INCREMENT de la tabla `total`
--
ALTER TABLE `total`
  MODIFY `to_id` int(11) NOT NULL AUTO_INCREMENT, AUTO_INCREMENT=3;

--
-- AUTO_INCREMENT de la tabla `usuario`
--
ALTER TABLE `usuario`
  MODIFY `u_id` int(11) NOT NULL AUTO_INCREMENT, AUTO_INCREMENT=3;

--
-- Restricciones para tablas volcadas
--

--
-- Filtros para la tabla `frigobar`
--
ALTER TABLE `frigobar`
  ADD CONSTRAINT `evaluacion-frigobar` FOREIGN KEY (`fk_evaluacion`) REFERENCES `evaluacion` (`ev_id`) ON UPDATE CASCADE,
  ADD CONSTRAINT `registro-frigobar` FOREIGN KEY (`fk_registro`) REFERENCES `registro` (`r_id`) ON UPDATE CASCADE;

--
-- Filtros para la tabla `habitaciones`
--
ALTER TABLE `habitaciones`
  ADD CONSTRAINT `habitacion-piso` FOREIGN KEY (`fk_piso`) REFERENCES `piso` (`ps_id`) ON UPDATE CASCADE;

--
-- Filtros para la tabla `inventario`
--
ALTER TABLE `inventario`
  ADD CONSTRAINT `habitacion-inventario` FOREIGN KEY (`in_fk_habitacion`) REFERENCES `habitaciones` (`h_id`) ON DELETE CASCADE,
  ADD CONSTRAINT `producto-inventario` FOREIGN KEY (`in_fk_producto`) REFERENCES `productos` (`pd_id`) ON DELETE CASCADE,
  ADD CONSTRAINT `total-inventario` FOREIGN KEY (`fk_total`) REFERENCES `total` (`to_id`);

--
-- Filtros para la tabla `registro`
--
ALTER TABLE `registro`
  ADD CONSTRAINT `registro-habitacion` FOREIGN KEY (`fk_habitacion`) REFERENCES `habitaciones` (`h_id`) ON UPDATE CASCADE,
  ADD CONSTRAINT `registro-usuario` FOREIGN KEY (`fk_usuario`) REFERENCES `usuario` (`u_id`);

--
-- Filtros para la tabla `stock`
--
ALTER TABLE `stock`
  ADD CONSTRAINT `estado-stock` FOREIGN KEY (`fk_estado`) REFERENCES `estado` (`e_id`) ON UPDATE CASCADE,
  ADD CONSTRAINT `producto-stock` FOREIGN KEY (`fk_producto`) REFERENCES `productos` (`pd_id`) ON UPDATE CASCADE,
  ADD CONSTRAINT `registro-stock` FOREIGN KEY (`fk_registro`) REFERENCES `registro` (`r_id`) ON UPDATE CASCADE;

--
-- Filtros para la tabla `usuario`
--
ALTER TABLE `usuario`
  ADD CONSTRAINT `tipo-usuario` FOREIGN KEY (`fk_tipo`) REFERENCES `tipo` (`t_id`) ON UPDATE CASCADE;
COMMIT;

/*!40101 SET CHARACTER_SET_CLIENT=@OLD_CHARACTER_SET_CLIENT */;
/*!40101 SET CHARACTER_SET_RESULTS=@OLD_CHARACTER_SET_RESULTS */;
/*!40101 SET COLLATION_CONNECTION=@OLD_COLLATION_CONNECTION */;
