-- phpMyAdmin SQL Dump
-- version 4.7.7
-- https://www.phpmyadmin.net/
--
-- Servidor: 127.0.0.1
-- Tiempo de generación: 21-03-2018 a las 00:22:35
-- Versión del servidor: 10.1.30-MariaDB
-- Versión de PHP: 7.2.2

SET SQL_MODE = "NO_AUTO_VALUE_ON_ZERO";
SET AUTOCOMMIT = 0;
START TRANSACTION;
SET time_zone = "+00:00";


/*!40101 SET @OLD_CHARACTER_SET_CLIENT=@@CHARACTER_SET_CLIENT */;
/*!40101 SET @OLD_CHARACTER_SET_RESULTS=@@CHARACTER_SET_RESULTS */;
/*!40101 SET @OLD_COLLATION_CONNECTION=@@COLLATION_CONNECTION */;
/*!40101 SET NAMES utf8mb4 */;

--
-- Base de datos: `minibar_semifinal`
--

-- --------------------------------------------------------

--
-- Estructura de tabla para la tabla `estado`
--

CREATE TABLE `estado` (
  `e_id` int(11) NOT NULL,
  `e_sigla` varchar(10) CHARACTER SET utf8 NOT NULL,
  `e_descripcion` varchar(45) CHARACTER SET utf8 COLLATE utf8_spanish_ci NOT NULL
) ENGINE=InnoDB DEFAULT CHARSET=utf8 COLLATE=utf8_unicode_ci;

--
-- Volcado de datos para la tabla `estado`
--

INSERT INTO `estado` (`e_id`, `e_sigla`, `e_descripcion`) VALUES
(1, 'CR', 'Con Reposición'),
(2, 'R', 'Reposición'),
(3, 'SS', 'Sin Stock');

-- --------------------------------------------------------

--
-- Estructura de tabla para la tabla `evaluacion`
--

CREATE TABLE `evaluacion` (
  `ev_id` int(11) NOT NULL,
  `ev_descripcion` varchar(45) COLLATE utf8_spanish2_ci NOT NULL
) ENGINE=InnoDB DEFAULT CHARSET=utf8 COLLATE=utf8_spanish2_ci;

--
-- Volcado de datos para la tabla `evaluacion`
--

INSERT INTO `evaluacion` (`ev_id`, `ev_descripcion`) VALUES
(1, 'Sin Problemas'),
(2, 'Mal Estado'),
(3, 'Congelado');

-- --------------------------------------------------------

--
-- Estructura de tabla para la tabla `frigobar`
--

CREATE TABLE `frigobar` (
  `f_id` int(11) NOT NULL,
  `fk_evaluacion` int(11) NOT NULL,
  `f_fk_registro` int(11) NOT NULL
) ENGINE=InnoDB DEFAULT CHARSET=utf8;

--
-- Volcado de datos para la tabla `frigobar`
--

INSERT INTO `frigobar` (`f_id`, `fk_evaluacion`, `f_fk_registro`) VALUES
(14, 3, 84);

-- --------------------------------------------------------

--
-- Estructura de tabla para la tabla `habitaciones`
--

CREATE TABLE `habitaciones` (
  `h_id` int(11) NOT NULL,
  `h_numero` int(11) NOT NULL,
  `fk_piso` int(11) NOT NULL
) ENGINE=InnoDB DEFAULT CHARSET=utf8;

--
-- Volcado de datos para la tabla `habitaciones`
--

INSERT INTO `habitaciones` (`h_id`, `h_numero`, `fk_piso`) VALUES
(1, 601, 1),
(2, 602, 1),
(3, 603, 1),
(4, 604, 1),
(5, 605, 1),
(6, 606, 1),
(7, 607, 1),
(8, 608, 1),
(9, 609, 1),
(10, 701, 2),
(11, 702, 2),
(12, 703, 2),
(13, 704, 2),
(14, 705, 2),
(15, 706, 2),
(16, 707, 2),
(17, 708, 2),
(18, 709, 2),
(19, 801, 3),
(20, 802, 3),
(21, 803, 3),
(22, 804, 3),
(23, 805, 3),
(24, 806, 3),
(25, 807, 3),
(26, 808, 3),
(27, 809, 3),
(28, 901, 4),
(29, 902, 4),
(30, 903, 4),
(31, 904, 4),
(32, 905, 4),
(33, 906, 4),
(34, 907, 4),
(35, 908, 4),
(36, 909, 4),
(37, 1001, 5),
(38, 1002, 5),
(39, 1003, 5),
(40, 1004, 5),
(41, 1005, 5),
(42, 1006, 5),
(43, 1007, 5),
(44, 1008, 5),
(45, 1009, 5),
(46, 1101, 6),
(47, 1102, 6),
(48, 1103, 6),
(49, 1104, 6),
(50, 1105, 6),
(51, 1106, 6),
(52, 1107, 6),
(53, 1108, 6),
(54, 1109, 6),
(55, 1201, 7),
(56, 1202, 7),
(57, 1203, 7),
(58, 1204, 7),
(59, 1205, 7),
(60, 1206, 7),
(61, 1207, 7),
(62, 1208, 7),
(63, 1209, 7),
(64, 1401, 8),
(65, 1402, 8),
(66, 1403, 8),
(67, 1404, 8),
(68, 1405, 8),
(69, 1406, 8),
(70, 1407, 8),
(71, 1408, 8),
(72, 1409, 8),
(73, 1501, 9),
(74, 1502, 9),
(75, 1503, 9),
(76, 1504, 9),
(77, 1505, 9),
(78, 1506, 9),
(79, 1507, 9),
(80, 1508, 9),
(81, 1509, 9),
(82, 1601, 10),
(83, 1602, 10),
(84, 1603, 10),
(85, 1604, 10),
(86, 1605, 10),
(87, 1606, 10),
(88, 1607, 10),
(89, 1608, 10),
(90, 1609, 10);

-- --------------------------------------------------------

--
-- Estructura de tabla para la tabla `inventario`
--

CREATE TABLE `inventario` (
  `in_id` int(11) NOT NULL,
  `in_fecha_registro` date NOT NULL,
  `in_fk_habitacion` int(11) NOT NULL,
  `in_fk_producto` int(11) NOT NULL,
  `fk_total` int(11) NOT NULL
) ENGINE=InnoDB DEFAULT CHARSET=utf8;

--
-- Volcado de datos para la tabla `inventario`
--

INSERT INTO `inventario` (`in_id`, `in_fecha_registro`, `in_fk_habitacion`, `in_fk_producto`, `fk_total`) VALUES
(1, '2018-03-20', 1, 1, 1),
(2, '2018-03-20', 1, 2, 1),
(3, '2018-03-20', 1, 3, 1),
(4, '2018-03-20', 1, 4, 1),
(5, '2018-03-20', 1, 5, 1),
(6, '2018-03-20', 1, 6, 1),
(7, '2018-03-20', 1, 7, 1),
(8, '2018-03-20', 1, 8, 1),
(9, '2018-03-19', 1, 9, 1),
(10, '2018-03-19', 1, 10, 1),
(11, '2018-03-19', 1, 11, 1),
(12, '2018-03-19', 1, 12, 1),
(13, '2018-03-20', 2, 1, 1),
(14, '2018-03-20', 2, 2, 1),
(15, '2018-03-20', 2, 3, 1),
(16, '2018-03-20', 2, 4, 1),
(17, '2018-03-16', 2, 5, 1),
(18, '2018-03-01', 2, 6, 1),
(19, '2018-03-20', 2, 7, 1),
(20, '2018-03-20', 2, 8, 1),
(21, '2018-03-20', 2, 9, 1),
(22, '2018-03-20', 2, 10, 1),
(23, '2018-03-16', 2, 11, 1),
(24, '2018-03-01', 2, 12, 1),
(25, '2018-03-21', 3, 1, 1),
(26, '2018-03-21', 3, 2, 1),
(27, '2018-03-21', 3, 3, 1),
(28, '2018-03-20', 3, 4, 1),
(29, '2018-03-01', 3, 5, 1),
(30, '2018-03-20', 3, 6, 1),
(31, '2018-03-20', 3, 7, 1),
(32, '2018-03-20', 3, 8, 1),
(33, '2018-03-20', 3, 9, 1),
(34, '2018-03-20', 3, 10, 1),
(35, '2018-03-20', 3, 11, 1),
(36, '2018-03-20', 3, 12, 1),
(37, '2018-03-20', 4, 1, 1),
(38, '2018-03-20', 4, 2, 1),
(39, '2018-03-01', 4, 3, 1),
(40, '2018-03-01', 4, 4, 1),
(41, '2018-03-01', 4, 5, 1),
(42, '2018-03-01', 4, 6, 1),
(43, '2018-03-01', 4, 7, 1),
(44, '2018-03-01', 4, 8, 1),
(45, '2018-03-20', 4, 9, 1),
(46, '2018-03-01', 4, 10, 1),
(47, '2018-03-01', 4, 11, 1),
(48, '2018-03-01', 4, 12, 1),
(49, '2018-03-20', 5, 1, 1),
(50, '2018-03-20', 5, 2, 1),
(51, '2018-03-01', 5, 3, 1),
(52, '2018-03-01', 5, 4, 1),
(53, '2018-03-01', 5, 5, 1),
(54, '2018-03-12', 5, 6, 1),
(55, '2018-03-20', 5, 7, 1),
(56, '2018-03-20', 5, 8, 1),
(57, '2018-03-20', 5, 9, 1),
(58, '2018-03-01', 5, 10, 1),
(59, '2018-03-01', 5, 11, 1),
(60, '2018-03-01', 5, 12, 1),
(61, '2018-03-21', 6, 1, 1),
(62, '2018-03-21', 6, 2, 1),
(63, '2018-03-21', 6, 3, 1),
(64, '2018-03-21', 6, 4, 1),
(65, '2018-03-21', 6, 5, 1),
(66, '2018-03-01', 6, 6, 1),
(67, '2018-03-21', 6, 7, 1),
(68, '2018-03-21', 6, 8, 1),
(69, '2018-03-21', 6, 9, 1),
(70, '2018-03-01', 6, 10, 1),
(71, '2018-03-01', 6, 11, 1),
(72, '2018-03-01', 6, 12, 1),
(73, '2018-03-20', 7, 1, 1),
(74, '2018-03-01', 7, 2, 1),
(75, '2018-03-01', 7, 3, 1),
(76, '2018-03-01', 7, 4, 1),
(77, '2018-03-01', 7, 5, 1),
(78, '2018-03-20', 7, 6, 1),
(79, '2018-03-08', 7, 7, 1),
(80, '2018-03-11', 7, 8, 1),
(81, '2018-03-01', 7, 9, 1),
(82, '2018-03-01', 7, 10, 1),
(83, '2018-03-01', 7, 11, 1),
(84, '2018-03-01', 7, 12, 1),
(85, '2018-03-07', 8, 1, 1),
(86, '2018-03-01', 8, 2, 1),
(87, '2018-03-01', 8, 3, 1),
(88, '2018-03-01', 8, 4, 1),
(89, '2018-03-20', 8, 5, 1),
(90, '2018-03-08', 8, 6, 1),
(91, '2018-03-01', 8, 7, 1),
(92, '2018-03-20', 8, 8, 1),
(93, '2018-03-01', 8, 9, 1),
(94, '2018-03-08', 8, 10, 1),
(95, '2018-03-01', 8, 11, 1),
(96, '2018-03-01', 8, 12, 1),
(97, '2018-03-01', 9, 1, 1),
(98, '2018-03-01', 9, 2, 1),
(99, '2018-03-16', 9, 3, 1),
(100, '2018-03-01', 9, 4, 1),
(101, '2018-03-01', 9, 5, 1),
(102, '2018-03-20', 9, 6, 1),
(103, '2018-03-01', 9, 7, 1),
(104, '2018-03-01', 9, 8, 1),
(105, '2018-03-01', 9, 9, 1),
(106, '2018-03-16', 9, 10, 1),
(107, '2018-03-01', 9, 11, 1),
(108, '2018-03-01', 9, 12, 1),
(109, '2018-03-15', 10, 1, 1),
(110, '2018-03-15', 10, 2, 1),
(111, '2018-03-01', 10, 3, 1),
(112, '2018-03-15', 10, 4, 1),
(113, '2018-03-11', 10, 5, 1),
(114, '2018-03-05', 10, 6, 1),
(115, '2018-03-01', 10, 7, 1),
(116, '2018-03-01', 10, 8, 1),
(117, '2018-03-05', 10, 9, 1),
(118, '2018-03-01', 10, 10, 1),
(119, '2018-03-05', 10, 11, 1),
(120, '2018-03-20', 10, 12, 1),
(121, '2018-03-19', 11, 1, 1),
(122, '2018-03-19', 11, 2, 1),
(123, '2018-03-19', 11, 3, 1),
(124, '2018-03-19', 11, 4, 1),
(125, '2018-03-01', 11, 5, 1),
(126, '2018-03-01', 11, 6, 1),
(127, '2018-03-01', 11, 7, 1),
(128, '2018-03-01', 11, 8, 1),
(129, '2018-03-11', 11, 9, 1),
(130, '2018-03-01', 11, 10, 1),
(131, '2018-03-19', 11, 11, 1),
(132, '2018-03-01', 11, 12, 1),
(133, '2018-03-14', 12, 1, 1),
(134, '2018-03-01', 12, 2, 1),
(135, '2018-03-01', 12, 3, 1),
(136, '2018-03-01', 12, 4, 1),
(137, '2018-03-01', 12, 5, 1),
(138, '2018-03-14', 12, 6, 1),
(139, '2018-03-01', 12, 7, 1),
(140, '2018-03-13', 12, 8, 1),
(141, '2018-03-01', 12, 9, 1),
(142, '2018-03-01', 12, 10, 1),
(143, '2018-03-01', 12, 11, 1),
(144, '2018-03-01', 12, 12, 1),
(145, '2018-03-14', 13, 1, 1),
(146, '2018-03-01', 13, 2, 1),
(147, '2018-03-01', 13, 3, 1),
(148, '2018-03-11', 13, 4, 1),
(149, '2018-03-09', 13, 5, 1),
(150, '2018-03-14', 13, 6, 1),
(151, '2018-03-01', 13, 7, 1),
(152, '2018-03-01', 13, 8, 1),
(153, '2018-03-01', 13, 9, 1),
(154, '2018-03-01', 13, 10, 1),
(155, '2018-03-01', 13, 11, 1),
(156, '2018-03-12', 13, 12, 1),
(157, '2018-03-09', 14, 1, 1),
(158, '2018-03-12', 14, 2, 1),
(159, '2018-03-01', 14, 3, 1),
(160, '2018-03-14', 14, 4, 1),
(161, '2018-03-01', 14, 5, 1),
(162, '2018-03-01', 14, 6, 1),
(163, '2018-03-01', 14, 7, 1),
(164, '2018-03-01', 14, 8, 1),
(165, '2018-03-01', 14, 9, 1),
(166, '2018-03-01', 14, 10, 1),
(167, '2018-03-01', 14, 11, 1),
(168, '2018-03-01', 14, 12, 1),
(169, '2018-03-11', 15, 1, 1),
(170, '2018-03-03', 15, 2, 1),
(171, '2018-03-09', 15, 3, 1),
(172, '2018-03-01', 15, 4, 1),
(173, '2018-03-01', 15, 5, 1),
(174, '2018-03-01', 15, 6, 1),
(175, '2018-03-08', 15, 7, 1),
(176, '2018-03-01', 15, 8, 1),
(177, '2018-03-01', 15, 9, 1),
(178, '2018-03-01', 15, 10, 1),
(179, '2018-03-01', 15, 11, 1),
(180, '2018-03-01', 15, 12, 1),
(181, '2018-03-01', 16, 1, 1),
(182, '2018-03-01', 16, 2, 1),
(183, '2018-03-01', 16, 3, 1),
(184, '2018-03-01', 16, 4, 1),
(185, '2018-03-01', 16, 5, 1),
(186, '2018-03-01', 16, 6, 1),
(187, '2018-03-01', 16, 7, 1),
(188, '2018-03-12', 16, 8, 1),
(189, '2018-03-01', 16, 9, 1),
(190, '2018-03-01', 16, 10, 1),
(191, '2018-03-01', 16, 11, 1),
(192, '2018-03-01', 16, 12, 1),
(193, '2018-03-01', 17, 1, 1),
(194, '2018-03-14', 17, 2, 1),
(195, '2018-03-01', 17, 3, 1),
(196, '2018-03-01', 17, 4, 1),
(197, '2018-03-01', 17, 5, 1),
(198, '2018-03-03', 17, 6, 1),
(199, '2018-03-01', 17, 7, 1),
(200, '2018-03-12', 17, 8, 1),
(201, '2018-03-01', 17, 9, 1),
(202, '2018-03-01', 17, 10, 1),
(203, '2018-03-01', 17, 11, 1),
(204, '2018-03-01', 17, 12, 1),
(205, '2018-03-01', 18, 1, 1),
(206, '2018-03-05', 18, 2, 1),
(207, '2018-03-01', 18, 3, 1),
(208, '2018-03-02', 18, 4, 1),
(209, '2018-03-02', 18, 5, 1),
(210, '2018-03-05', 18, 6, 1),
(211, '2018-03-02', 18, 7, 1),
(212, '2018-03-01', 18, 8, 1),
(213, '2018-03-02', 18, 9, 1),
(214, '2018-03-01', 18, 10, 1),
(215, '2018-03-01', 18, 11, 1),
(216, '2018-03-01', 18, 12, 1),
(217, '2018-03-11', 19, 1, 1),
(218, '2018-03-01', 19, 2, 1),
(219, '2018-03-01', 19, 3, 1),
(220, '2018-03-01', 19, 4, 1),
(221, '2018-03-01', 19, 5, 1),
(222, '2018-03-01', 19, 6, 1),
(223, '2018-03-11', 19, 7, 1),
(224, '2018-03-01', 19, 8, 1),
(225, '2018-03-01', 19, 9, 1),
(226, '2018-03-01', 19, 10, 1),
(227, '2018-03-01', 19, 11, 1),
(228, '2018-03-01', 19, 12, 1),
(229, '2018-03-14', 20, 1, 1),
(230, '2018-03-14', 20, 2, 1),
(231, '2018-03-01', 20, 3, 1),
(232, '2018-03-01', 20, 4, 1),
(233, '2018-03-01', 20, 5, 1),
(234, '2018-03-01', 20, 6, 1),
(235, '2018-03-01', 20, 7, 1),
(236, '2018-03-01', 20, 8, 1),
(237, '2018-03-01', 20, 9, 1),
(238, '2018-03-01', 20, 10, 1),
(239, '2018-03-14', 20, 11, 1),
(240, '2018-03-12', 20, 12, 1),
(241, '2018-03-01', 21, 1, 1),
(242, '2018-03-05', 21, 2, 1),
(243, '2018-03-01', 21, 3, 1),
(244, '2018-03-01', 21, 4, 1),
(245, '2018-03-01', 21, 5, 1),
(246, '2018-03-01', 21, 6, 1),
(247, '2018-03-01', 21, 7, 1),
(248, '2018-03-01', 21, 8, 1),
(249, '2018-03-05', 21, 9, 1),
(250, '2018-03-01', 21, 10, 1),
(251, '2018-03-11', 21, 11, 1),
(252, '2018-03-12', 21, 12, 1),
(253, '2018-03-01', 22, 1, 1),
(254, '2018-03-14', 22, 2, 1),
(255, '2018-03-01', 22, 3, 1),
(256, '2018-03-01', 22, 4, 1),
(257, '2018-03-01', 22, 5, 1),
(258, '2018-03-01', 22, 6, 1),
(259, '2018-03-01', 22, 7, 1),
(260, '2018-03-01', 22, 8, 1),
(261, '2018-03-01', 22, 9, 1),
(262, '2018-03-01', 22, 10, 1),
(263, '2018-03-01', 22, 11, 1),
(264, '2018-03-01', 22, 12, 1),
(265, '2018-03-14', 23, 1, 1),
(266, '2018-03-03', 23, 2, 1),
(267, '2018-03-01', 23, 3, 1),
(268, '2018-03-01', 23, 4, 1),
(269, '2018-03-01', 23, 5, 1),
(270, '2018-03-01', 23, 6, 1),
(271, '2018-03-01', 23, 7, 1),
(272, '2018-03-01', 23, 8, 1),
(273, '2018-03-01', 23, 9, 1),
(274, '2018-03-01', 23, 10, 1),
(275, '2018-03-01', 23, 11, 1),
(276, '2018-03-01', 23, 12, 1),
(277, '2018-03-01', 24, 1, 1),
(278, '2018-03-12', 24, 2, 1),
(279, '2018-03-01', 24, 3, 1),
(280, '2018-03-12', 24, 4, 1),
(281, '2018-03-01', 24, 5, 1),
(282, '2018-03-05', 24, 6, 1),
(283, '2018-03-01', 24, 7, 1),
(284, '2018-03-01', 24, 8, 1),
(285, '2018-03-01', 24, 9, 1),
(286, '2018-03-01', 24, 10, 1),
(287, '2018-03-01', 24, 11, 1),
(288, '2018-03-01', 24, 12, 1),
(289, '2018-03-11', 25, 1, 1),
(290, '2018-03-02', 25, 2, 1),
(291, '2018-03-01', 25, 3, 1),
(292, '2018-03-01', 25, 4, 1),
(293, '2018-03-01', 25, 5, 1),
(294, '2018-03-01', 25, 6, 1),
(295, '2018-03-01', 25, 7, 1),
(296, '2018-03-01', 25, 8, 1),
(297, '2018-03-10', 25, 9, 1),
(298, '2018-03-01', 25, 10, 1),
(299, '2018-03-01', 25, 11, 1),
(300, '2018-03-01', 25, 12, 1),
(301, '2018-03-14', 26, 1, 1),
(302, '2018-03-07', 26, 2, 1),
(303, '2018-03-07', 26, 3, 1),
(304, '2018-03-14', 26, 4, 1),
(305, '2018-03-07', 26, 5, 1),
(306, '2018-03-14', 26, 6, 1),
(307, '2018-03-13', 26, 7, 1),
(308, '2018-03-14', 26, 8, 1),
(309, '2018-03-14', 26, 9, 1),
(310, '2018-03-13', 26, 10, 1),
(311, '2018-03-07', 26, 11, 1),
(312, '2018-03-14', 26, 12, 1),
(313, '2018-03-03', 27, 1, 1),
(314, '2018-03-05', 27, 2, 1),
(315, '2018-03-01', 27, 3, 1),
(316, '2018-03-01', 27, 4, 1),
(317, '2018-03-01', 27, 5, 1),
(318, '2018-03-05', 27, 6, 1),
(319, '2018-03-03', 27, 7, 1),
(320, '2018-03-01', 27, 8, 1),
(321, '2018-03-01', 27, 9, 1),
(322, '2018-03-03', 27, 10, 1),
(323, '2018-03-01', 27, 11, 1),
(324, '2018-03-14', 27, 12, 1),
(325, '2018-03-01', 28, 1, 1),
(326, '2018-03-01', 28, 2, 1),
(327, '2018-03-01', 28, 3, 1),
(328, '2018-03-01', 28, 4, 1),
(329, '2018-03-01', 28, 5, 1),
(330, '2018-03-05', 28, 6, 1),
(331, '2018-03-01', 28, 7, 1),
(332, '2018-03-01', 28, 8, 1),
(333, '2018-03-01', 28, 9, 1),
(334, '2018-03-01', 28, 10, 1),
(335, '2018-03-01', 28, 11, 1),
(336, '2018-03-01', 28, 12, 1),
(337, '2018-03-01', 29, 1, 1),
(338, '2018-03-12', 29, 2, 1),
(339, '2018-03-01', 29, 3, 1),
(340, '2018-03-06', 29, 4, 1),
(341, '2018-03-01', 29, 5, 1),
(342, '2018-03-01', 29, 6, 1),
(343, '2018-03-01', 29, 7, 1),
(344, '2018-03-01', 29, 8, 1),
(345, '2018-03-01', 29, 9, 1),
(346, '2018-03-01', 29, 10, 1),
(347, '2018-03-01', 29, 11, 1),
(348, '2018-03-02', 29, 12, 1),
(349, '2018-03-09', 30, 1, 1),
(350, '2018-03-09', 30, 2, 1),
(351, '2018-03-01', 30, 3, 1),
(352, '2018-03-01', 30, 4, 1),
(353, '2018-03-01', 30, 5, 1),
(354, '2018-03-01', 30, 6, 1),
(355, '2018-03-01', 30, 7, 1),
(356, '2018-03-01', 30, 8, 1),
(357, '2018-03-01', 30, 9, 1),
(358, '2018-03-01', 30, 10, 1),
(359, '2018-03-01', 30, 11, 1),
(360, '2018-03-01', 30, 12, 1),
(361, '2018-03-11', 31, 1, 1),
(362, '2018-03-11', 31, 2, 1),
(363, '2018-03-13', 31, 3, 1),
(364, '2018-03-10', 31, 4, 1),
(365, '2018-03-10', 31, 5, 1),
(366, '2018-03-01', 31, 6, 1),
(367, '2018-03-01', 31, 7, 1),
(368, '2018-03-01', 31, 8, 1),
(369, '2018-03-08', 31, 9, 1),
(370, '2018-03-13', 31, 10, 1),
(371, '2018-03-01', 31, 11, 1),
(372, '2018-03-12', 31, 12, 1),
(373, '2018-03-01', 32, 1, 1),
(374, '2018-03-01', 32, 2, 1),
(375, '2018-03-01', 32, 3, 1),
(376, '2018-03-01', 32, 4, 1),
(377, '2018-03-01', 32, 5, 1),
(378, '2018-03-01', 32, 6, 1),
(379, '2018-03-01', 32, 7, 1),
(380, '2018-03-01', 32, 8, 1),
(381, '2018-03-01', 32, 9, 1),
(382, '2018-03-01', 32, 10, 1),
(383, '2018-03-01', 32, 11, 1),
(384, '2018-03-01', 32, 12, 1),
(385, '2018-03-07', 33, 1, 1),
(386, '2018-03-09', 33, 2, 1),
(387, '2018-03-01', 33, 3, 1),
(388, '2018-03-01', 33, 4, 1),
(389, '2018-03-01', 33, 5, 1),
(390, '2018-03-07', 33, 6, 1),
(391, '2018-03-01', 33, 7, 1),
(392, '2018-03-09', 33, 8, 1),
(393, '2018-03-05', 33, 9, 1),
(394, '2018-03-01', 33, 10, 1),
(395, '2018-03-01', 33, 11, 1),
(396, '2018-03-01', 33, 12, 1),
(397, '2018-03-14', 34, 1, 1),
(398, '2018-03-01', 34, 2, 1),
(399, '2018-03-08', 34, 3, 1),
(400, '2018-03-01', 34, 4, 1),
(401, '2018-03-01', 34, 5, 1),
(402, '2018-03-01', 34, 6, 1),
(403, '2018-03-01', 34, 7, 1),
(404, '2018-03-01', 34, 8, 1),
(405, '2018-03-01', 34, 9, 1),
(406, '2018-03-01', 34, 10, 1),
(407, '2018-03-01', 34, 11, 1),
(408, '2018-03-01', 34, 12, 1),
(409, '2018-03-13', 35, 1, 1),
(410, '2018-03-12', 35, 2, 1),
(411, '2018-03-08', 35, 3, 1),
(412, '2018-03-12', 35, 4, 1),
(413, '2018-03-12', 35, 5, 1),
(414, '2018-03-01', 35, 6, 1),
(415, '2018-03-14', 35, 7, 1),
(416, '2018-03-01', 35, 8, 1),
(417, '2018-03-01', 35, 9, 1),
(418, '2018-03-01', 35, 10, 1),
(419, '2018-03-14', 35, 11, 1),
(420, '2018-03-01', 35, 12, 1),
(421, '2018-03-01', 36, 1, 1),
(422, '2018-03-10', 36, 2, 1),
(423, '2018-03-01', 36, 3, 1),
(424, '2018-03-01', 36, 4, 1),
(425, '2018-03-14', 36, 5, 1),
(426, '2018-03-01', 36, 6, 1),
(427, '2018-03-10', 36, 7, 1),
(428, '2018-03-01', 36, 8, 1),
(429, '2018-03-01', 36, 9, 1),
(430, '2018-03-01', 36, 10, 1),
(431, '2018-03-01', 36, 11, 1),
(432, '2018-03-01', 36, 12, 1),
(433, '2018-03-01', 37, 1, 1),
(434, '2018-03-01', 37, 2, 1),
(435, '2018-03-01', 37, 3, 1),
(436, '2018-03-01', 37, 4, 1),
(437, '2018-03-01', 37, 5, 1),
(438, '2018-03-01', 37, 6, 1),
(439, '2018-03-01', 37, 7, 1),
(440, '2018-03-01', 37, 8, 1),
(441, '2018-03-01', 37, 9, 1),
(442, '2018-03-01', 37, 10, 1),
(443, '2018-03-01', 37, 11, 1),
(444, '2018-03-01', 37, 12, 1),
(445, '2018-03-01', 38, 1, 1),
(446, '2018-03-01', 38, 2, 1),
(447, '2018-03-01', 38, 3, 1),
(448, '2018-03-01', 38, 4, 1),
(449, '2018-03-01', 38, 5, 1),
(450, '2018-03-01', 38, 6, 1),
(451, '2018-03-01', 38, 7, 1),
(452, '2018-03-01', 38, 8, 1),
(453, '2018-03-01', 38, 9, 1),
(454, '2018-03-01', 38, 10, 1),
(455, '2018-03-01', 38, 11, 1),
(456, '2018-03-01', 38, 12, 1),
(457, '2018-03-01', 39, 1, 1),
(458, '2018-03-14', 39, 2, 1),
(459, '2018-03-09', 39, 3, 1),
(460, '2018-03-01', 39, 4, 1),
(461, '2018-03-01', 39, 5, 1),
(462, '2018-03-09', 39, 6, 1),
(463, '2018-03-08', 39, 7, 1),
(464, '2018-03-01', 39, 8, 1),
(465, '2018-03-01', 39, 9, 1),
(466, '2018-03-01', 39, 10, 1),
(467, '2018-03-01', 39, 11, 1),
(468, '2018-03-01', 39, 12, 1),
(469, '2018-03-01', 40, 1, 1),
(470, '2018-03-01', 40, 2, 1),
(471, '2018-03-01', 40, 3, 1),
(472, '2018-03-06', 40, 4, 1),
(473, '2018-03-08', 40, 5, 1),
(474, '2018-03-07', 40, 6, 1),
(475, '2018-03-01', 40, 7, 1),
(476, '2018-03-01', 40, 8, 1),
(477, '2018-03-01', 40, 9, 1),
(478, '2018-03-01', 40, 10, 1),
(479, '2018-03-01', 40, 11, 1),
(480, '2018-03-01', 40, 12, 1),
(481, '2018-03-01', 41, 1, 1),
(482, '2018-03-01', 41, 2, 1),
(483, '2018-03-01', 41, 3, 1),
(484, '2018-03-01', 41, 4, 1),
(485, '2018-03-01', 41, 5, 1),
(486, '2018-03-01', 41, 6, 1),
(487, '2018-03-01', 41, 7, 1),
(488, '2018-03-01', 41, 8, 1),
(489, '2018-03-01', 41, 9, 1),
(490, '2018-03-09', 41, 10, 1),
(491, '2018-03-01', 41, 11, 1),
(492, '2018-03-01', 41, 12, 1),
(493, '2018-03-01', 42, 1, 1),
(494, '2018-03-12', 42, 2, 1),
(495, '2018-03-01', 42, 3, 1),
(496, '2018-03-01', 42, 4, 1),
(497, '2018-03-12', 42, 5, 1),
(498, '2018-03-01', 42, 6, 1),
(499, '2018-03-01', 42, 7, 1),
(500, '2018-03-06', 42, 8, 1),
(501, '2018-03-01', 42, 9, 1),
(502, '2018-03-08', 42, 10, 1),
(503, '2018-03-01', 42, 11, 1),
(504, '2018-03-01', 42, 12, 1),
(505, '2018-03-01', 43, 1, 1),
(506, '2018-03-05', 43, 2, 1),
(507, '2018-03-01', 43, 3, 1),
(508, '2018-03-01', 43, 4, 1),
(509, '2018-03-02', 43, 5, 1),
(510, '2018-03-01', 43, 6, 1),
(511, '2018-03-01', 43, 7, 1),
(512, '2018-03-01', 43, 8, 1),
(513, '2018-03-05', 43, 9, 1),
(514, '2018-03-05', 43, 10, 1),
(515, '2018-03-05', 43, 11, 1),
(516, '2018-03-01', 43, 12, 1),
(517, '2018-03-14', 44, 1, 1),
(518, '2018-03-14', 44, 2, 1),
(519, '2018-03-01', 44, 3, 1),
(520, '2018-03-14', 44, 4, 1),
(521, '2018-03-14', 44, 5, 1),
(522, '2018-03-14', 44, 6, 1),
(523, '2018-03-01', 44, 7, 1),
(524, '2018-03-14', 44, 8, 1),
(525, '2018-03-01', 44, 9, 1),
(526, '2018-03-01', 44, 10, 1),
(527, '2018-03-14', 44, 11, 1),
(528, '2018-03-01', 44, 12, 1),
(529, '2018-03-01', 45, 1, 1),
(530, '2018-03-01', 45, 2, 1),
(531, '2018-03-01', 45, 3, 1),
(532, '2018-03-01', 45, 4, 1),
(533, '2018-03-01', 45, 5, 1),
(534, '2018-03-03', 45, 6, 1),
(535, '2018-03-01', 45, 7, 1),
(536, '2018-03-01', 45, 8, 1),
(537, '2018-03-01', 45, 9, 1),
(538, '2018-03-01', 45, 10, 1),
(539, '2018-03-01', 45, 11, 1),
(540, '2018-03-01', 45, 12, 1),
(541, '2018-03-01', 46, 1, 1),
(542, '2018-03-06', 46, 2, 1),
(543, '2018-03-01', 46, 3, 1),
(544, '2018-03-01', 46, 4, 1),
(545, '2018-03-01', 46, 5, 1),
(546, '2018-03-01', 46, 6, 1),
(547, '2018-03-01', 46, 7, 1),
(548, '2018-03-01', 46, 8, 1),
(549, '2018-03-01', 46, 9, 1),
(550, '2018-03-01', 46, 10, 1),
(551, '2018-03-01', 46, 11, 1),
(552, '2018-03-01', 46, 12, 1),
(553, '2018-03-01', 47, 1, 1),
(554, '2018-03-01', 47, 2, 1),
(555, '2018-03-11', 47, 3, 1),
(556, '2018-03-01', 47, 4, 1),
(557, '2018-03-01', 47, 5, 1),
(558, '2018-03-01', 47, 6, 1),
(559, '2018-03-01', 47, 7, 1),
(560, '2018-03-01', 47, 8, 1),
(561, '2018-03-01', 47, 9, 1),
(562, '2018-03-01', 47, 10, 1),
(563, '2018-03-01', 47, 11, 1),
(564, '2018-03-01', 47, 12, 1),
(565, '2018-03-01', 48, 1, 1),
(566, '2018-03-01', 48, 2, 1),
(567, '2018-03-13', 48, 3, 1),
(568, '2018-03-01', 48, 4, 1),
(569, '2018-03-01', 48, 5, 1),
(570, '2018-03-10', 48, 6, 1),
(571, '2018-03-09', 48, 7, 1),
(572, '2018-03-01', 48, 8, 1),
(573, '2018-03-01', 48, 9, 1),
(574, '2018-03-01', 48, 10, 1),
(575, '2018-03-01', 48, 11, 1),
(576, '2018-03-01', 48, 12, 1),
(577, '2018-03-01', 49, 1, 1),
(578, '2018-03-01', 49, 2, 1),
(579, '2018-03-01', 49, 3, 1),
(580, '2018-03-13', 49, 4, 1),
(581, '2018-03-01', 49, 5, 1),
(582, '2018-03-01', 49, 6, 1),
(583, '2018-03-01', 49, 7, 1),
(584, '2018-03-12', 49, 8, 1),
(585, '2018-03-01', 49, 9, 1),
(586, '2018-03-01', 49, 10, 1),
(587, '2018-03-07', 49, 11, 1),
(588, '2018-03-01', 49, 12, 1),
(589, '2018-03-01', 50, 1, 1),
(590, '2018-03-01', 50, 2, 1),
(591, '2018-03-01', 50, 3, 1),
(592, '2018-03-11', 50, 4, 1),
(593, '2018-03-01', 50, 5, 1),
(594, '2018-03-01', 50, 6, 1),
(595, '2018-03-01', 50, 7, 1),
(596, '2018-03-11', 50, 8, 1),
(597, '2018-03-01', 50, 9, 1),
(598, '2018-03-01', 50, 10, 1),
(599, '2018-03-01', 50, 11, 1),
(600, '2018-03-01', 50, 12, 1),
(601, '2018-03-01', 51, 1, 1),
(602, '2018-03-01', 51, 2, 1),
(603, '2018-03-01', 51, 3, 1),
(604, '2018-03-12', 51, 4, 1),
(605, '2018-03-12', 51, 5, 1),
(606, '2018-03-01', 51, 6, 1),
(607, '2018-03-01', 51, 7, 1),
(608, '2018-03-01', 51, 8, 1),
(609, '2018-03-14', 51, 9, 1),
(610, '2018-03-12', 51, 10, 1),
(611, '2018-03-01', 51, 11, 1),
(612, '2018-03-01', 51, 12, 1),
(613, '2018-03-01', 52, 1, 1),
(614, '2018-03-01', 52, 2, 1),
(615, '2018-03-01', 52, 3, 1),
(616, '2018-03-01', 52, 4, 1),
(617, '2018-03-01', 52, 5, 1),
(618, '2018-03-05', 52, 6, 1),
(619, '2018-03-01', 52, 7, 1),
(620, '2018-03-01', 52, 8, 1),
(621, '2018-03-01', 52, 9, 1),
(622, '2018-03-01', 52, 10, 1),
(623, '2018-03-01', 52, 11, 1),
(624, '2018-03-01', 52, 12, 1),
(625, '2018-03-08', 53, 1, 1),
(626, '2018-03-13', 53, 2, 1),
(627, '2018-03-06', 53, 3, 1),
(628, '2018-03-08', 53, 4, 1),
(629, '2018-03-08', 53, 5, 1),
(630, '2018-03-08', 53, 6, 1),
(631, '2018-03-08', 53, 7, 1),
(632, '2018-03-08', 53, 8, 1),
(633, '2018-03-08', 53, 9, 1),
(634, '2018-03-08', 53, 10, 1),
(635, '2018-03-01', 53, 11, 1),
(636, '2018-03-12', 53, 12, 1),
(637, '2018-03-10', 54, 1, 1),
(638, '2018-03-13', 54, 2, 1),
(639, '2018-03-01', 54, 3, 1),
(640, '2018-03-01', 54, 4, 1),
(641, '2018-03-01', 54, 5, 1),
(642, '2018-03-05', 54, 6, 1),
(643, '2018-03-05', 54, 7, 1),
(644, '2018-03-05', 54, 8, 1),
(645, '2018-03-01', 54, 9, 1),
(646, '2018-03-01', 54, 10, 1),
(647, '2018-03-12', 54, 11, 1),
(648, '2018-03-01', 54, 12, 1),
(649, '2018-03-01', 55, 1, 1),
(650, '2018-03-01', 55, 2, 1),
(651, '2018-03-01', 55, 3, 1),
(652, '2018-03-01', 55, 4, 1),
(653, '2018-03-01', 55, 5, 1),
(654, '2018-03-01', 55, 6, 1),
(655, '2018-03-11', 55, 7, 1),
(656, '2018-03-11', 55, 8, 1),
(657, '2018-03-01', 55, 9, 1),
(658, '2018-03-01', 55, 10, 1),
(659, '2018-03-01', 55, 11, 1),
(660, '2018-03-01', 55, 12, 1),
(661, '2018-03-01', 56, 1, 1),
(662, '2018-03-01', 56, 2, 1),
(663, '2018-03-01', 56, 3, 1),
(664, '2018-03-01', 56, 4, 1),
(665, '2018-03-01', 56, 5, 1),
(666, '2018-03-01', 56, 6, 1),
(667, '2018-03-01', 56, 7, 1),
(668, '2018-03-01', 56, 8, 1),
(669, '2018-03-01', 56, 9, 1),
(670, '2018-03-01', 56, 10, 1),
(671, '2018-03-01', 56, 11, 1),
(672, '2018-03-01', 56, 12, 1),
(673, '2018-03-01', 57, 1, 1),
(674, '2018-03-01', 57, 2, 1),
(675, '2018-03-01', 57, 3, 1),
(676, '2018-03-01', 57, 4, 1),
(677, '2018-03-01', 57, 5, 1),
(678, '2018-03-01', 57, 6, 1),
(679, '2018-03-01', 57, 7, 1),
(680, '2018-03-01', 57, 8, 1),
(681, '2018-03-01', 57, 9, 1),
(682, '2018-03-09', 57, 10, 1),
(683, '2018-03-01', 57, 11, 1),
(684, '2018-03-01', 57, 12, 1),
(685, '2018-03-01', 58, 1, 1),
(686, '2018-03-01', 58, 2, 1),
(687, '2018-03-12', 58, 3, 1),
(688, '2018-03-01', 58, 4, 1),
(689, '2018-03-01', 58, 5, 1),
(690, '2018-03-01', 58, 6, 1),
(691, '2018-03-12', 58, 7, 1),
(692, '2018-03-01', 58, 8, 1),
(693, '2018-03-01', 58, 9, 1),
(694, '2018-03-01', 58, 10, 1),
(695, '2018-03-01', 58, 11, 1),
(696, '2018-03-01', 58, 12, 1),
(697, '2018-03-08', 59, 1, 1),
(698, '2018-03-08', 59, 2, 1),
(699, '2018-03-01', 59, 3, 1),
(700, '2018-03-01', 59, 4, 1),
(701, '2018-03-01', 59, 5, 1),
(702, '2018-03-01', 59, 6, 1),
(703, '2018-03-08', 59, 7, 1),
(704, '2018-03-08', 59, 8, 1),
(705, '2018-03-01', 59, 9, 1),
(706, '2018-03-08', 59, 10, 1),
(707, '2018-03-01', 59, 11, 1),
(708, '2018-03-01', 59, 12, 1),
(709, '2018-03-11', 60, 1, 1),
(710, '2018-03-01', 60, 2, 1),
(711, '2018-03-01', 60, 3, 1),
(712, '2018-03-01', 60, 4, 1),
(713, '2018-03-11', 60, 5, 1),
(714, '2018-03-12', 60, 6, 1),
(715, '2018-03-01', 60, 7, 1),
(716, '2018-03-12', 60, 8, 1),
(717, '2018-03-01', 60, 9, 1),
(718, '2018-03-07', 60, 10, 1),
(719, '2018-03-01', 60, 11, 1),
(720, '2018-03-01', 60, 12, 1),
(721, '2018-03-07', 61, 1, 1),
(722, '2018-03-01', 61, 2, 1),
(723, '2018-03-01', 61, 3, 1),
(724, '2018-03-01', 61, 4, 1),
(725, '2018-03-01', 61, 5, 1),
(726, '2018-03-01', 61, 6, 1),
(727, '2018-03-01', 61, 7, 1),
(728, '2018-03-08', 61, 8, 1),
(729, '2018-03-01', 61, 9, 1),
(730, '2018-03-08', 61, 10, 1),
(731, '2018-03-01', 61, 11, 1),
(732, '2018-03-01', 61, 12, 1),
(733, '2018-03-10', 62, 1, 1),
(734, '2018-03-01', 62, 2, 1),
(735, '2018-03-14', 62, 3, 1),
(736, '2018-03-01', 62, 4, 1),
(737, '2018-03-01', 62, 5, 1),
(738, '2018-03-01', 62, 6, 1),
(739, '2018-03-01', 62, 7, 1),
(740, '2018-03-01', 62, 8, 1),
(741, '2018-03-01', 62, 9, 1),
(742, '2018-03-01', 62, 10, 1),
(743, '2018-03-01', 62, 11, 1),
(744, '2018-03-01', 62, 12, 1),
(745, '2018-03-01', 63, 1, 1),
(746, '2018-03-01', 63, 2, 1),
(747, '2018-03-01', 63, 3, 1),
(748, '2018-03-01', 63, 4, 1),
(749, '2018-03-01', 63, 5, 1),
(750, '2018-03-01', 63, 6, 1),
(751, '2018-03-01', 63, 7, 1),
(752, '2018-03-01', 63, 8, 1),
(753, '2018-03-01', 63, 9, 1),
(754, '2018-03-01', 63, 10, 1),
(755, '2018-03-01', 63, 11, 1),
(756, '2018-03-01', 63, 12, 1),
(757, '2018-03-01', 64, 1, 1),
(758, '2018-03-12', 64, 2, 1),
(759, '2018-03-10', 64, 3, 1),
(760, '2018-03-01', 64, 4, 1),
(761, '2018-03-05', 64, 5, 1),
(762, '2018-03-01', 64, 6, 1),
(763, '2018-03-01', 64, 7, 1),
(764, '2018-03-05', 64, 8, 1),
(765, '2018-03-01', 64, 9, 1),
(766, '2018-03-01', 64, 10, 1),
(767, '2018-03-01', 64, 11, 1),
(768, '2018-03-01', 64, 12, 1),
(769, '2018-03-12', 65, 1, 1),
(770, '2018-03-12', 65, 2, 1),
(771, '2018-03-01', 65, 3, 1),
(772, '2018-03-11', 65, 4, 1),
(773, '2018-03-12', 65, 5, 1),
(774, '2018-03-01', 65, 6, 1),
(775, '2018-03-12', 65, 7, 1),
(776, '2018-03-01', 65, 8, 1),
(777, '2018-03-01', 65, 9, 1),
(778, '2018-03-01', 65, 10, 1),
(779, '2018-03-01', 65, 11, 1),
(780, '2018-03-01', 65, 12, 1),
(781, '2018-03-10', 66, 1, 1),
(782, '2018-03-14', 66, 2, 1),
(783, '2018-03-01', 66, 3, 1),
(784, '2018-03-01', 66, 4, 1),
(785, '2018-03-01', 66, 5, 1),
(786, '2018-03-01', 66, 6, 1),
(787, '2018-03-01', 66, 7, 1),
(788, '2018-03-01', 66, 8, 1),
(789, '2018-03-01', 66, 9, 1),
(790, '2018-03-01', 66, 10, 1),
(791, '2018-03-01', 66, 11, 1),
(792, '2018-03-14', 66, 12, 1),
(793, '2018-03-14', 67, 1, 1),
(794, '2018-03-02', 67, 2, 1),
(795, '2018-03-01', 67, 3, 1),
(796, '2018-03-01', 67, 4, 1),
(797, '2018-03-01', 67, 5, 1),
(798, '2018-03-05', 67, 6, 1),
(799, '2018-03-01', 67, 7, 1),
(800, '2018-03-01', 67, 8, 1),
(801, '2018-03-01', 67, 9, 1),
(802, '2018-03-01', 67, 10, 1),
(803, '2018-03-01', 67, 11, 1),
(804, '2018-03-01', 67, 12, 1),
(805, '2018-03-01', 68, 1, 1),
(806, '2018-03-01', 68, 2, 1),
(807, '2018-03-01', 68, 3, 1),
(808, '2018-03-01', 68, 4, 1),
(809, '2018-03-08', 68, 5, 1),
(810, '2018-03-06', 68, 6, 1),
(811, '2018-03-01', 68, 7, 1),
(812, '2018-03-08', 68, 8, 1),
(813, '2018-03-08', 68, 9, 1),
(814, '2018-03-01', 68, 10, 1),
(815, '2018-03-01', 68, 11, 1),
(816, '2018-03-08', 68, 12, 1),
(817, '2018-03-14', 69, 1, 1),
(818, '2018-03-14', 69, 2, 1),
(819, '2018-03-14', 69, 3, 1),
(820, '2018-03-14', 69, 4, 1),
(821, '2018-03-14', 69, 5, 1),
(822, '2018-03-14', 69, 6, 1),
(823, '2018-03-01', 69, 7, 1),
(824, '2018-03-14', 69, 8, 1),
(825, '2018-03-14', 69, 9, 1),
(826, '2018-03-10', 69, 10, 1),
(827, '2018-03-14', 69, 11, 1),
(828, '2018-03-01', 69, 12, 1),
(829, '2018-03-01', 70, 1, 1),
(830, '2018-03-01', 70, 2, 1),
(831, '2018-03-01', 70, 3, 1),
(832, '2018-03-09', 70, 4, 1),
(833, '2018-03-01', 70, 5, 1),
(834, '2018-03-01', 70, 6, 1),
(835, '2018-03-09', 70, 7, 1),
(836, '2018-03-01', 70, 8, 1),
(837, '2018-03-01', 70, 9, 1),
(838, '2018-03-01', 70, 10, 1),
(839, '2018-03-01', 70, 11, 1),
(840, '2018-03-01', 70, 12, 1),
(841, '2018-03-11', 71, 1, 1),
(842, '2018-03-14', 71, 2, 1),
(843, '2018-03-01', 71, 3, 1),
(844, '2018-03-01', 71, 4, 1),
(845, '2018-03-01', 71, 5, 1),
(846, '2018-03-01', 71, 6, 1),
(847, '2018-03-05', 71, 7, 1),
(848, '2018-03-05', 71, 8, 1),
(849, '2018-03-07', 71, 9, 1),
(850, '2018-03-01', 71, 10, 1),
(851, '2018-03-01', 71, 11, 1),
(852, '2018-03-01', 71, 12, 1),
(853, '2018-03-01', 72, 1, 1),
(854, '2018-03-01', 72, 2, 1),
(855, '2018-03-01', 72, 3, 1),
(856, '2018-03-01', 72, 4, 1),
(857, '2018-03-01', 72, 5, 1),
(858, '2018-03-01', 72, 6, 1),
(859, '2018-03-01', 72, 7, 1),
(860, '2018-03-01', 72, 8, 1),
(861, '2018-03-01', 72, 9, 1),
(862, '2018-03-01', 72, 10, 1),
(863, '2018-03-01', 72, 11, 1),
(864, '2018-03-01', 72, 12, 1),
(865, '2018-03-06', 73, 1, 1),
(866, '2018-03-06', 73, 2, 1),
(867, '2018-03-01', 73, 3, 1),
(868, '2018-03-01', 73, 4, 1),
(869, '2018-03-01', 73, 5, 1),
(870, '2018-03-01', 73, 6, 1),
(871, '2018-03-01', 73, 7, 1),
(872, '2018-03-01', 73, 8, 1),
(873, '2018-03-09', 73, 9, 1),
(874, '2018-03-01', 73, 10, 1),
(875, '2018-03-06', 73, 11, 1),
(876, '2018-03-01', 73, 12, 1),
(877, '2018-03-12', 74, 1, 1),
(878, '2018-03-01', 74, 2, 1),
(879, '2018-03-05', 74, 3, 1),
(880, '2018-03-12', 74, 4, 1),
(881, '2018-03-14', 74, 5, 1),
(882, '2018-03-05', 74, 6, 1),
(883, '2018-03-14', 74, 7, 1),
(884, '2018-03-14', 74, 8, 1),
(885, '2018-03-12', 74, 9, 1),
(886, '2018-03-12', 74, 10, 1),
(887, '2018-03-12', 74, 11, 1),
(888, '2018-03-01', 74, 12, 1),
(889, '2018-03-01', 75, 1, 1),
(890, '2018-03-01', 75, 2, 1),
(891, '2018-03-01', 75, 3, 1),
(892, '2018-03-01', 75, 4, 1),
(893, '2018-03-01', 75, 5, 1),
(894, '2018-03-01', 75, 6, 1),
(895, '2018-03-01', 75, 7, 1),
(896, '2018-03-01', 75, 8, 1),
(897, '2018-03-01', 75, 9, 1),
(898, '2018-03-01', 75, 10, 1),
(899, '2018-03-01', 75, 11, 1),
(900, '2018-03-01', 75, 12, 1),
(901, '2018-03-08', 76, 1, 1),
(902, '2018-03-09', 76, 2, 1),
(903, '2018-03-12', 76, 3, 1),
(904, '2018-03-09', 76, 4, 1),
(905, '2018-03-01', 76, 5, 1),
(906, '2018-03-09', 76, 6, 1),
(907, '2018-03-12', 76, 7, 1),
(908, '2018-03-01', 76, 8, 1),
(909, '2018-03-01', 76, 9, 1),
(910, '2018-03-01', 76, 10, 1),
(911, '2018-03-08', 76, 11, 1),
(912, '2018-03-01', 76, 12, 1),
(913, '2018-03-01', 77, 1, 1),
(914, '2018-03-01', 77, 2, 1),
(915, '2018-03-01', 77, 3, 1),
(916, '2018-03-01', 77, 4, 1),
(917, '2018-03-01', 77, 5, 1),
(918, '2018-03-01', 77, 6, 1),
(919, '2018-03-01', 77, 7, 1),
(920, '2018-03-01', 77, 8, 1),
(921, '2018-03-14', 77, 9, 1),
(922, '2018-03-01', 77, 10, 1),
(923, '2018-03-01', 77, 11, 1),
(924, '2018-03-01', 77, 12, 1),
(925, '2018-03-01', 78, 1, 1),
(926, '2018-03-01', 78, 2, 1),
(927, '2018-03-01', 78, 3, 1),
(928, '2018-03-01', 78, 4, 1),
(929, '2018-03-01', 78, 5, 1),
(930, '2018-03-01', 78, 6, 1),
(931, '2018-03-01', 78, 7, 1),
(932, '2018-03-01', 78, 8, 1),
(933, '2018-03-01', 78, 9, 1),
(934, '2018-03-01', 78, 10, 1),
(935, '2018-03-01', 78, 11, 1),
(936, '2018-03-01', 78, 12, 1),
(937, '2018-03-14', 79, 1, 1),
(938, '2018-03-02', 79, 2, 1),
(939, '2018-03-01', 79, 3, 1),
(940, '2018-03-14', 79, 4, 1),
(941, '2018-03-14', 79, 5, 1),
(942, '2018-03-03', 79, 6, 1),
(943, '2018-03-01', 79, 7, 1),
(944, '2018-03-02', 79, 8, 1),
(945, '2018-03-01', 79, 9, 1),
(946, '2018-03-02', 79, 10, 1),
(947, '2018-03-01', 79, 11, 1),
(948, '2018-03-01', 79, 12, 1),
(949, '2018-03-01', 80, 1, 1),
(950, '2018-03-01', 80, 2, 1),
(951, '2018-03-01', 80, 3, 1),
(952, '2018-03-01', 80, 4, 1),
(953, '2018-03-01', 80, 5, 1),
(954, '2018-03-01', 80, 6, 1),
(955, '2018-03-13', 80, 7, 1),
(956, '2018-03-10', 80, 8, 1),
(957, '2018-03-01', 80, 9, 1),
(958, '2018-03-01', 80, 10, 1),
(959, '2018-03-01', 80, 11, 1),
(960, '2018-03-01', 80, 12, 1),
(961, '2018-03-12', 81, 1, 1),
(962, '2018-03-01', 81, 2, 1),
(963, '2018-03-01', 81, 3, 1),
(964, '2018-03-06', 81, 4, 1),
(965, '2018-03-01', 81, 5, 1),
(966, '2018-03-01', 81, 6, 1),
(967, '2018-03-01', 81, 7, 1),
(968, '2018-03-01', 81, 8, 1),
(969, '2018-03-03', 81, 9, 1),
(970, '2018-03-01', 81, 10, 1),
(971, '2018-03-01', 81, 11, 1),
(972, '2018-03-01', 81, 12, 1),
(973, '2018-03-01', 82, 1, 1),
(974, '2018-03-03', 82, 2, 1),
(975, '2018-03-01', 82, 3, 1),
(976, '2018-03-01', 82, 4, 1),
(977, '2018-03-01', 82, 5, 1),
(978, '2018-03-01', 82, 6, 1),
(979, '2018-03-03', 82, 7, 1),
(980, '2018-03-03', 82, 8, 1),
(981, '2018-03-03', 82, 9, 1),
(982, '2018-03-01', 82, 10, 1),
(983, '2018-03-01', 82, 11, 1),
(984, '2018-03-01', 82, 12, 1),
(985, '2018-03-01', 83, 1, 1),
(986, '2018-03-03', 83, 2, 1),
(987, '2018-03-01', 83, 3, 1),
(988, '2018-03-01', 83, 4, 1),
(989, '2018-03-03', 83, 5, 1),
(990, '2018-03-01', 83, 6, 1),
(991, '2018-03-03', 83, 7, 1),
(992, '2018-03-01', 83, 8, 1),
(993, '2018-03-03', 83, 9, 1),
(994, '2018-03-01', 83, 10, 1),
(995, '2018-03-01', 83, 11, 1),
(996, '2018-03-12', 83, 12, 1),
(997, '2018-03-05', 84, 1, 1),
(998, '2018-03-01', 84, 2, 1),
(999, '2018-03-01', 84, 3, 1),
(1000, '2018-03-01', 84, 4, 1),
(1001, '2018-03-01', 84, 5, 1),
(1002, '2018-03-01', 84, 6, 1),
(1003, '2018-03-01', 84, 7, 1),
(1004, '2018-03-01', 84, 8, 1),
(1005, '2018-03-01', 84, 9, 1),
(1006, '2018-03-01', 84, 10, 1),
(1007, '2018-03-01', 84, 11, 1),
(1008, '2018-03-01', 84, 12, 1),
(1009, '2018-03-11', 85, 1, 1),
(1010, '2018-03-11', 85, 2, 1),
(1011, '2018-03-02', 85, 3, 1),
(1012, '2018-03-01', 85, 4, 1),
(1013, '2018-03-01', 85, 5, 1),
(1014, '2018-03-01', 85, 6, 1),
(1015, '2018-03-01', 85, 7, 1),
(1016, '2018-03-10', 85, 8, 1),
(1017, '2018-03-13', 85, 9, 1),
(1018, '2018-03-11', 85, 10, 1),
(1019, '2018-03-08', 85, 11, 1),
(1020, '2018-03-02', 85, 12, 1),
(1021, '2018-03-03', 86, 1, 1),
(1022, '2018-03-03', 86, 2, 1),
(1023, '2018-03-03', 86, 3, 1),
(1024, '2018-03-03', 86, 4, 1),
(1025, '2018-03-03', 86, 5, 1),
(1026, '2018-03-03', 86, 6, 1),
(1027, '2018-03-03', 86, 7, 1),
(1028, '2018-03-03', 86, 8, 1),
(1029, '2018-03-03', 86, 9, 1),
(1030, '2018-03-03', 86, 10, 1),
(1031, '2018-03-03', 86, 11, 1),
(1032, '2018-03-12', 86, 12, 1),
(1033, '2018-03-06', 87, 1, 1),
(1034, '2018-03-06', 87, 2, 1),
(1035, '2018-03-07', 87, 3, 1),
(1036, '2018-03-11', 87, 4, 1),
(1037, '2018-03-01', 87, 5, 1),
(1038, '2018-03-01', 87, 6, 1),
(1039, '2018-03-01', 87, 7, 1),
(1040, '2018-03-06', 87, 8, 1),
(1041, '2018-03-02', 87, 9, 1),
(1042, '2018-03-02', 87, 10, 1),
(1043, '2018-03-01', 87, 11, 1),
(1044, '2018-03-01', 87, 12, 1),
(1045, '2018-03-07', 88, 1, 1),
(1046, '2018-03-01', 88, 2, 1),
(1047, '2018-03-01', 88, 3, 1),
(1048, '2018-03-01', 88, 4, 1),
(1049, '2018-03-01', 88, 5, 1),
(1050, '2018-03-01', 88, 6, 1),
(1051, '2018-03-01', 88, 7, 1),
(1052, '2018-03-01', 88, 8, 1),
(1053, '2018-03-01', 88, 9, 1),
(1054, '2018-03-08', 88, 10, 1),
(1055, '2018-03-01', 88, 11, 1),
(1056, '2018-03-01', 88, 12, 1),
(1057, '2018-03-03', 89, 1, 1),
(1058, '2018-03-01', 89, 2, 1),
(1059, '2018-03-12', 89, 3, 1),
(1060, '2018-03-01', 89, 4, 1),
(1061, '2018-03-01', 89, 5, 1),
(1062, '2018-03-13', 89, 6, 1),
(1063, '2018-03-14', 89, 7, 1),
(1064, '2018-03-13', 89, 8, 1),
(1065, '2018-03-10', 89, 9, 1),
(1066, '2018-03-01', 89, 10, 1),
(1067, '2018-03-01', 89, 11, 1),
(1068, '2018-03-01', 89, 12, 1),
(1069, '2018-03-01', 90, 1, 1),
(1070, '2018-03-01', 90, 2, 1),
(1071, '2018-03-02', 90, 3, 1),
(1072, '2018-03-01', 90, 4, 1),
(1073, '2018-03-01', 90, 5, 1),
(1074, '2018-03-03', 90, 6, 1),
(1075, '2018-03-06', 90, 7, 1),
(1076, '2018-03-01', 90, 8, 1),
(1077, '2018-03-01', 90, 9, 1),
(1078, '2018-03-01', 90, 10, 1),
(1079, '2018-03-01', 90, 11, 1),
(1080, '2018-03-01', 90, 12, 1);

-- --------------------------------------------------------

--
-- Estructura de tabla para la tabla `piso`
--

CREATE TABLE `piso` (
  `ps_id` int(11) NOT NULL,
  `ps_numero` int(11) NOT NULL
) ENGINE=InnoDB DEFAULT CHARSET=utf8;

--
-- Volcado de datos para la tabla `piso`
--

INSERT INTO `piso` (`ps_id`, `ps_numero`) VALUES
(1, 6),
(2, 7),
(3, 8),
(4, 9),
(5, 10),
(6, 11),
(7, 12),
(8, 14),
(9, 15),
(10, 16);

-- --------------------------------------------------------

--
-- Estructura de tabla para la tabla `productos`
--

CREATE TABLE `productos` (
  `pd_id` int(11) NOT NULL,
  `pd_nombre` varchar(45) NOT NULL,
  `pd_categoria` varchar(15) NOT NULL
) ENGINE=InnoDB DEFAULT CHARSET=utf8;

--
-- Volcado de datos para la tabla `productos`
--

INSERT INTO `productos` (`pd_id`, `pd_nombre`, `pd_categoria`) VALUES
(1, 'Agua Mineral Sin Gas', 'Bebidas'),
(2, 'Agua Mineral Con Gas', 'Bebidas'),
(3, 'Coca Cola ', 'Bebidas'),
(4, 'Coca Cola Light', 'Bebidas'),
(5, 'Sprite Zero', 'Bebidas'),
(6, 'Jugo', 'Bebidas'),
(7, 'Chocolate', 'Dulces'),
(8, 'Kuky', 'Dulces'),
(9, 'Snickers', 'Dulces'),
(10, 'Papas', 'Dulces'),
(11, 'Cerveza Cristal ', 'Tragos'),
(12, 'Whisky', 'Tragos');

-- --------------------------------------------------------

--
-- Estructura de tabla para la tabla `registro`
--

CREATE TABLE `registro` (
  `r_id` int(11) NOT NULL,
  `r_fecha` date NOT NULL,
  `r_indicacion` varchar(500) CHARACTER SET utf8 COLLATE utf8_spanish_ci DEFAULT NULL,
  `fk_usuario` int(11) NOT NULL,
  `fk_habitacion` int(11) NOT NULL
) ENGINE=InnoDB DEFAULT CHARSET=utf8;

--
-- Volcado de datos para la tabla `registro`
--

INSERT INTO `registro` (`r_id`, `r_fecha`, `r_indicacion`, `fk_usuario`, `fk_habitacion`) VALUES
(78, '2018-03-20', 'Huésped no permite ingreso a habitación', 2, 1),
(80, '2018-03-20', 'Huésped tiene logo en la puerta.', 2, 2),
(82, '2018-03-21', 'Solicita productos en puerta, no se verifico productos de frigobar', 2, 3),
(84, '2018-03-21', 'Se descongelo y limpio frigobar', 2, 1),
(85, '2018-03-21', NULL, 2, 6);

-- --------------------------------------------------------

--
-- Estructura de tabla para la tabla `stock`
--

CREATE TABLE `stock` (
  `s_id` int(11) NOT NULL,
  `fk_estado` int(11) NOT NULL,
  `fk_producto` int(11) NOT NULL,
  `fk_registro` int(11) NOT NULL
) ENGINE=InnoDB DEFAULT CHARSET=utf8 COLLATE=utf8_spanish_ci;

--
-- Volcado de datos para la tabla `stock`
--

INSERT INTO `stock` (`s_id`, `fk_estado`, `fk_producto`, `fk_registro`) VALUES
(144, 2, 1, 82),
(145, 2, 2, 82),
(146, 2, 3, 82),
(147, 1, 1, 85),
(148, 1, 2, 85),
(149, 1, 3, 85),
(150, 1, 4, 85),
(151, 1, 5, 85),
(152, 1, 7, 85),
(153, 1, 8, 85),
(154, 1, 9, 85);

-- --------------------------------------------------------

--
-- Estructura de tabla para la tabla `tipo`
--

CREATE TABLE `tipo` (
  `t_id` int(11) NOT NULL,
  `t_tipo` varchar(45) NOT NULL
) ENGINE=InnoDB DEFAULT CHARSET=utf8;

--
-- Volcado de datos para la tabla `tipo`
--

INSERT INTO `tipo` (`t_id`, `t_tipo`) VALUES
(1, 'Usuario'),
(2, 'Administrador');

-- --------------------------------------------------------

--
-- Estructura de tabla para la tabla `total`
--

CREATE TABLE `total` (
  `to_id` int(11) NOT NULL,
  `to_stock` varchar(15) NOT NULL
) ENGINE=InnoDB DEFAULT CHARSET=utf8;

--
-- Volcado de datos para la tabla `total`
--

INSERT INTO `total` (`to_id`, `to_stock`) VALUES
(1, 'Disponible'),
(2, 'No Disponible');

-- --------------------------------------------------------

--
-- Estructura de tabla para la tabla `usuario`
--

CREATE TABLE `usuario` (
  `u_id` int(11) NOT NULL,
  `u_nombre` varchar(45) NOT NULL,
  `u_username` varchar(45) NOT NULL,
  `u_password` varchar(15) NOT NULL,
  `fk_tipo` int(11) NOT NULL
) ENGINE=InnoDB DEFAULT CHARSET=utf8;

--
-- Volcado de datos para la tabla `usuario`
--

INSERT INTO `usuario` (`u_id`, `u_nombre`, `u_username`, `u_password`, `fk_tipo`) VALUES
(2, 'Loren Alvarado', 'MINIBAR', '2018', 1);

--
-- Índices para tablas volcadas
--

--
-- Indices de la tabla `estado`
--
ALTER TABLE `estado`
  ADD PRIMARY KEY (`e_id`),
  ADD UNIQUE KEY `e_sigla_UNIQUE` (`e_sigla`);

--
-- Indices de la tabla `evaluacion`
--
ALTER TABLE `evaluacion`
  ADD PRIMARY KEY (`ev_id`);

--
-- Indices de la tabla `frigobar`
--
ALTER TABLE `frigobar`
  ADD PRIMARY KEY (`f_id`),
  ADD KEY `fk_registro_idx` (`f_fk_registro`),
  ADD KEY `fk_evaluacion_idx` (`fk_evaluacion`);

--
-- Indices de la tabla `habitaciones`
--
ALTER TABLE `habitaciones`
  ADD PRIMARY KEY (`h_id`),
  ADD KEY `fk_id_piso_idx` (`fk_piso`);

--
-- Indices de la tabla `inventario`
--
ALTER TABLE `inventario`
  ADD PRIMARY KEY (`in_id`),
  ADD KEY `producto-inventario` (`in_fk_producto`),
  ADD KEY `habitacion-inventario` (`in_fk_habitacion`),
  ADD KEY `total-inventario` (`fk_total`);

--
-- Indices de la tabla `piso`
--
ALTER TABLE `piso`
  ADD PRIMARY KEY (`ps_id`);

--
-- Indices de la tabla `productos`
--
ALTER TABLE `productos`
  ADD PRIMARY KEY (`pd_id`);

--
-- Indices de la tabla `registro`
--
ALTER TABLE `registro`
  ADD PRIMARY KEY (`r_id`),
  ADD KEY `fk_usuario_idx` (`fk_usuario`),
  ADD KEY `fk_habitacion_idx` (`fk_habitacion`);

--
-- Indices de la tabla `stock`
--
ALTER TABLE `stock`
  ADD PRIMARY KEY (`s_id`),
  ADD KEY `fk_estado_idx` (`fk_estado`),
  ADD KEY `fk_producto_idx` (`fk_producto`),
  ADD KEY `fk_registro_idx` (`fk_registro`),
  ADD KEY `producto_idx` (`fk_producto`);

--
-- Indices de la tabla `tipo`
--
ALTER TABLE `tipo`
  ADD PRIMARY KEY (`t_id`);

--
-- Indices de la tabla `total`
--
ALTER TABLE `total`
  ADD PRIMARY KEY (`to_id`);

--
-- Indices de la tabla `usuario`
--
ALTER TABLE `usuario`
  ADD PRIMARY KEY (`u_id`),
  ADD KEY `tipo_idx` (`fk_tipo`);

--
-- AUTO_INCREMENT de las tablas volcadas
--

--
-- AUTO_INCREMENT de la tabla `estado`
--
ALTER TABLE `estado`
  MODIFY `e_id` int(11) NOT NULL AUTO_INCREMENT, AUTO_INCREMENT=4;

--
-- AUTO_INCREMENT de la tabla `evaluacion`
--
ALTER TABLE `evaluacion`
  MODIFY `ev_id` int(11) NOT NULL AUTO_INCREMENT, AUTO_INCREMENT=4;

--
-- AUTO_INCREMENT de la tabla `frigobar`
--
ALTER TABLE `frigobar`
  MODIFY `f_id` int(11) NOT NULL AUTO_INCREMENT, AUTO_INCREMENT=15;

--
-- AUTO_INCREMENT de la tabla `habitaciones`
--
ALTER TABLE `habitaciones`
  MODIFY `h_id` int(11) NOT NULL AUTO_INCREMENT, AUTO_INCREMENT=91;

--
-- AUTO_INCREMENT de la tabla `inventario`
--
ALTER TABLE `inventario`
  MODIFY `in_id` int(11) NOT NULL AUTO_INCREMENT, AUTO_INCREMENT=1081;

--
-- AUTO_INCREMENT de la tabla `piso`
--
ALTER TABLE `piso`
  MODIFY `ps_id` int(11) NOT NULL AUTO_INCREMENT, AUTO_INCREMENT=11;

--
-- AUTO_INCREMENT de la tabla `productos`
--
ALTER TABLE `productos`
  MODIFY `pd_id` int(11) NOT NULL AUTO_INCREMENT, AUTO_INCREMENT=13;

--
-- AUTO_INCREMENT de la tabla `registro`
--
ALTER TABLE `registro`
  MODIFY `r_id` int(11) NOT NULL AUTO_INCREMENT, AUTO_INCREMENT=86;

--
-- AUTO_INCREMENT de la tabla `stock`
--
ALTER TABLE `stock`
  MODIFY `s_id` int(11) NOT NULL AUTO_INCREMENT, AUTO_INCREMENT=155;

--
-- AUTO_INCREMENT de la tabla `tipo`
--
ALTER TABLE `tipo`
  MODIFY `t_id` int(11) NOT NULL AUTO_INCREMENT, AUTO_INCREMENT=3;

--
-- AUTO_INCREMENT de la tabla `total`
--
ALTER TABLE `total`
  MODIFY `to_id` int(11) NOT NULL AUTO_INCREMENT, AUTO_INCREMENT=3;

--
-- AUTO_INCREMENT de la tabla `usuario`
--
ALTER TABLE `usuario`
  MODIFY `u_id` int(11) NOT NULL AUTO_INCREMENT, AUTO_INCREMENT=3;

--
-- Restricciones para tablas volcadas
--

--
-- Filtros para la tabla `frigobar`
--
ALTER TABLE `frigobar`
  ADD CONSTRAINT `evaluacion-frigobar` FOREIGN KEY (`fk_evaluacion`) REFERENCES `evaluacion` (`ev_id`),
  ADD CONSTRAINT `registro-frigobar` FOREIGN KEY (`f_fk_registro`) REFERENCES `registro` (`r_id`);

--
-- Filtros para la tabla `habitaciones`
--
ALTER TABLE `habitaciones`
  ADD CONSTRAINT `habitacion-piso` FOREIGN KEY (`fk_piso`) REFERENCES `piso` (`ps_id`) ON UPDATE CASCADE;

--
-- Filtros para la tabla `inventario`
--
ALTER TABLE `inventario`
  ADD CONSTRAINT `habitacion-inventario` FOREIGN KEY (`in_fk_habitacion`) REFERENCES `habitaciones` (`h_id`) ON DELETE CASCADE,
  ADD CONSTRAINT `producto-inventario` FOREIGN KEY (`in_fk_producto`) REFERENCES `productos` (`pd_id`) ON DELETE CASCADE,
  ADD CONSTRAINT `total-inventario` FOREIGN KEY (`fk_total`) REFERENCES `total` (`to_id`);

--
-- Filtros para la tabla `registro`
--
ALTER TABLE `registro`
  ADD CONSTRAINT `registro-habitacion` FOREIGN KEY (`fk_habitacion`) REFERENCES `habitaciones` (`h_id`),
  ADD CONSTRAINT `registro-usuario` FOREIGN KEY (`fk_usuario`) REFERENCES `usuario` (`u_id`);

--
-- Filtros para la tabla `stock`
--
ALTER TABLE `stock`
  ADD CONSTRAINT `estado-stock` FOREIGN KEY (`fk_estado`) REFERENCES `estado` (`e_id`) ON UPDATE CASCADE,
  ADD CONSTRAINT `producto-stock` FOREIGN KEY (`fk_producto`) REFERENCES `productos` (`pd_id`) ON UPDATE CASCADE,
  ADD CONSTRAINT `registro-stock` FOREIGN KEY (`fk_registro`) REFERENCES `registro` (`r_id`) ON UPDATE CASCADE;

--
-- Filtros para la tabla `usuario`
--
ALTER TABLE `usuario`
  ADD CONSTRAINT `tipo-usuario` FOREIGN KEY (`fk_tipo`) REFERENCES `tipo` (`t_id`) ON UPDATE CASCADE;
COMMIT;

/*!40101 SET CHARACTER_SET_CLIENT=@OLD_CHARACTER_SET_CLIENT */;
/*!40101 SET CHARACTER_SET_RESULTS=@OLD_CHARACTER_SET_RESULTS */;
/*!40101 SET COLLATION_CONNECTION=@OLD_COLLATION_CONNECTION */;
